-- phpMyAdmin SQL Dump
-- version 4.7.4
-- https://www.phpmyadmin.net/
--
-- Servidor: 127.0.0.1:3306
-- Tiempo de generación: 27-03-2023 a las 01:59:32
-- Versión del servidor: 5.7.27-log
-- Versión de PHP: 7.1.9

SET SQL_MODE = "NO_AUTO_VALUE_ON_ZERO";
SET AUTOCOMMIT = 0;
START TRANSACTION;
SET time_zone = "+00:00";


/*!40101 SET @OLD_CHARACTER_SET_CLIENT=@@CHARACTER_SET_CLIENT */;
/*!40101 SET @OLD_CHARACTER_SET_RESULTS=@@CHARACTER_SET_RESULTS */;
/*!40101 SET @OLD_COLLATION_CONNECTION=@@COLLATION_CONNECTION */;
/*!40101 SET NAMES utf8mb4 */;

--
-- Base de datos: `kreativika`
--

-- --------------------------------------------------------

--
-- Estructura de tabla para la tabla `administradores`
--

DROP TABLE IF EXISTS `administradores`;
CREATE TABLE IF NOT EXISTS `administradores` (
  `id_administrador` int(11) NOT NULL AUTO_INCREMENT,
  `nombre` varchar(60) COLLATE utf8_unicode_ci NOT NULL,
  `apellido_paternoAd` varchar(60) COLLATE utf8_unicode_ci NOT NULL,
  `apellido_maternoAd` varchar(60) COLLATE utf8_unicode_ci NOT NULL,
  `email` varchar(30) COLLATE utf8_unicode_ci NOT NULL,
  `password` varchar(50) COLLATE utf8_unicode_ci NOT NULL,
  PRIMARY KEY (`id_administrador`)
) ENGINE=InnoDB AUTO_INCREMENT=4 DEFAULT CHARSET=utf8 COLLATE=utf8_unicode_ci;

--
-- Volcado de datos para la tabla `administradores`
--

INSERT INTO `administradores` (`id_administrador`, `nombre`, `apellido_paternoAd`, `apellido_maternoAd`, `email`, `password`) VALUES
(2, 'Gerardo Javier', 'Garcia', 'Ruiz', 'gerardo@gmail.com', 'gerardo'),
(3, 'administrador', 'admin', 'admin', 'administrador@gmail.com', 'Kreativika2#');

-- --------------------------------------------------------

--
-- Estructura de tabla para la tabla `alcaldias`
--

DROP TABLE IF EXISTS `alcaldias`;
CREATE TABLE IF NOT EXISTS `alcaldias` (
  `id_alcaldia` int(11) NOT NULL AUTO_INCREMENT,
  `alcaldia` varchar(30) COLLATE utf8_unicode_ci NOT NULL,
  PRIMARY KEY (`id_alcaldia`)
) ENGINE=InnoDB AUTO_INCREMENT=19 DEFAULT CHARSET=utf8 COLLATE=utf8_unicode_ci;

--
-- Volcado de datos para la tabla `alcaldias`
--

INSERT INTO `alcaldias` (`id_alcaldia`, `alcaldia`) VALUES
(1, 'Azcapotzalco'),
(2, 'Álvaro Obregón'),
(5, 'Benito Juárez'),
(6, 'Coyoacán'),
(7, 'Cuajimalpa de Morelos'),
(8, 'Cuauhtémoc'),
(9, 'Gustavo A. Madero'),
(10, 'Iztacalco'),
(11, 'Iztapalapa'),
(12, 'La Magdalena Contreras'),
(13, 'Miguel Hidalgo'),
(14, 'Milpa Alta'),
(15, 'Tlalpan'),
(16, 'Tláhuac'),
(17, 'Venustiano Carranza'),
(18, 'Xochimilco');

-- --------------------------------------------------------

--
-- Estructura de tabla para la tabla `asesores`
--

DROP TABLE IF EXISTS `asesores`;
CREATE TABLE IF NOT EXISTS `asesores` (
  `id_asesor` int(11) NOT NULL AUTO_INCREMENT,
  `nombreA` varchar(60) COLLATE utf8_unicode_ci NOT NULL,
  `apellido_paternoA` varchar(60) COLLATE utf8_unicode_ci NOT NULL,
  `apellido_maternoA` varchar(60) COLLATE utf8_unicode_ci NOT NULL,
  `email` varchar(30) COLLATE utf8_unicode_ci NOT NULL,
  `telefono` varchar(10) COLLATE utf8_unicode_ci NOT NULL,
  `password` varchar(50) COLLATE utf8_unicode_ci DEFAULT NULL,
  PRIMARY KEY (`id_asesor`)
) ENGINE=InnoDB AUTO_INCREMENT=14 DEFAULT CHARSET=utf8 COLLATE=utf8_unicode_ci;

--
-- Volcado de datos para la tabla `asesores`
--

INSERT INTO `asesores` (`id_asesor`, `nombreA`, `apellido_paternoA`, `apellido_maternoA`, `email`, `telefono`, `password`) VALUES
(1, 'Gerardo', 'Garcia', 'Ruiz', 'Gerardo@correo.com', '2222222222', 'Kreativika3#'),
(2, 'Pristi Pream', 'Prim', 'Carlota', 'correo1@gmail.com', '3344556677', 'Kreativika3#'),
(5, 'Pepe', 'Juarez', 'Juarez', 'correo2@correo.com', '0123456789', 'Kreativika2#'),
(6, 'Celeste Hazel', 'Rodriguez', 'Pavón', 'correo3@correo.com', '0123456789', 'Kreativika2#'),
(7, 'Refael', 'Prado', 'Juarez', 'correo4@correo.com', '0123456789', 'Kreativika2#'),
(10, 'Julio', 'Sesasi', 'Sesasi', 'correo8@correo.com', '0123456789', 'Kreativika2#'),
(11, 'Pepe', 'Juarez', 'Juarez', 'correo9@correo.com', '0123456789', 'Kreativika2#'),
(12, 'Miguel', 'Arriola', 'Colunga', 'miguel@correo.com', '0123456789', 'Kreativika2#');

-- --------------------------------------------------------

--
-- Estructura de tabla para la tabla `asesorescertificaciones`
--

DROP TABLE IF EXISTS `asesorescertificaciones`;
CREATE TABLE IF NOT EXISTS `asesorescertificaciones` (
  `id_asesorCertificacion` int(11) NOT NULL AUTO_INCREMENT,
  `id_certificacion1` int(11) NOT NULL,
  `id_asesor4` int(11) NOT NULL,
  `certificado` varchar(80) COLLATE utf8_unicode_ci DEFAULT NULL,
  PRIMARY KEY (`id_asesorCertificacion`),
  KEY `id_certificacion1` (`id_certificacion1`),
  KEY `id_asesor4` (`id_asesor4`)
) ENGINE=InnoDB AUTO_INCREMENT=118 DEFAULT CHARSET=utf8 COLLATE=utf8_unicode_ci;

--
-- Volcado de datos para la tabla `asesorescertificaciones`
--

INSERT INTO `asesorescertificaciones` (`id_asesorCertificacion`, `id_certificacion1`, `id_asesor4`, `certificado`) VALUES
(17, 29, 1, 'Javascript'),
(116, 128, 1, 'Fundamentos de Ingeniería de software');

-- --------------------------------------------------------

--
-- Estructura de tabla para la tabla `asesoreseducaciones`
--

DROP TABLE IF EXISTS `asesoreseducaciones`;
CREATE TABLE IF NOT EXISTS `asesoreseducaciones` (
  `id_asesorEducacion` int(11) NOT NULL AUTO_INCREMENT,
  `id_educacion1` int(11) NOT NULL,
  `id_asesor3` int(11) NOT NULL,
  `titulo` varchar(60) COLLATE utf8_unicode_ci DEFAULT NULL,
  PRIMARY KEY (`id_asesorEducacion`),
  KEY `id_educacion1` (`id_educacion1`),
  KEY `id_asesor3` (`id_asesor3`)
) ENGINE=InnoDB AUTO_INCREMENT=38 DEFAULT CHARSET=utf8 COLLATE=utf8_unicode_ci;

--
-- Volcado de datos para la tabla `asesoreseducaciones`
--

INSERT INTO `asesoreseducaciones` (`id_asesorEducacion`, `id_educacion1`, `id_asesor3`, `titulo`) VALUES
(7, 1019, 2, 'Titulo universitario 1'),
(33, 1236, 1, 'Ingeniero en Desarrollo de Software'),
(35, 1022, 1, 'Ingeniería en Desarrollo de Software'),
(36, 1224, 1, 'Ingeniería en Desarrollo de Software');

-- --------------------------------------------------------

--
-- Estructura de tabla para la tabla `asesoresservicios`
--

DROP TABLE IF EXISTS `asesoresservicios`;
CREATE TABLE IF NOT EXISTS `asesoresservicios` (
  `id_asesorServicio` int(11) NOT NULL AUTO_INCREMENT,
  `id_servicio2` int(11) NOT NULL,
  `id_asesor2` int(11) NOT NULL,
  PRIMARY KEY (`id_asesorServicio`),
  KEY `id_servicio2` (`id_servicio2`),
  KEY `id_asesor2` (`id_asesor2`)
) ENGINE=InnoDB AUTO_INCREMENT=22 DEFAULT CHARSET=utf8 COLLATE=utf8_unicode_ci;

--
-- Volcado de datos para la tabla `asesoresservicios`
--

INSERT INTO `asesoresservicios` (`id_asesorServicio`, `id_servicio2`, `id_asesor2`) VALUES
(14, 9, 1),
(19, 7, 1),
(21, 11, 1);

-- --------------------------------------------------------

--
-- Estructura de tabla para la tabla `certificaciones`
--

DROP TABLE IF EXISTS `certificaciones`;
CREATE TABLE IF NOT EXISTS `certificaciones` (
  `id_certificacion` int(11) NOT NULL AUTO_INCREMENT,
  `entidad_certificadora` varchar(100) COLLATE utf8_unicode_ci DEFAULT NULL,
  PRIMARY KEY (`id_certificacion`)
) ENGINE=InnoDB AUTO_INCREMENT=130 DEFAULT CHARSET=utf8 COLLATE=utf8_unicode_ci;

--
-- Volcado de datos para la tabla `certificaciones`
--

INSERT INTO `certificaciones` (`id_certificacion`, `entidad_certificadora`) VALUES
(29, 'Platzi'),
(128, 'Udemy');

-- --------------------------------------------------------

--
-- Estructura de tabla para la tabla `citas`
--

DROP TABLE IF EXISTS `citas`;
CREATE TABLE IF NOT EXISTS `citas` (
  `id_cita` int(11) NOT NULL AUTO_INCREMENT,
  `id_asesor1` int(11) NOT NULL,
  `id_cliente1` int(11) NOT NULL,
  `fecha` date NOT NULL,
  `hora` time NOT NULL,
  `estado_cita` varchar(20) COLLATE utf8_unicode_ci DEFAULT 'pendiente',
  PRIMARY KEY (`id_cita`),
  KEY `id_asesor1` (`id_asesor1`),
  KEY `id_cliente1` (`id_cliente1`)
) ENGINE=InnoDB AUTO_INCREMENT=27 DEFAULT CHARSET=utf8 COLLATE=utf8_unicode_ci;

--
-- Volcado de datos para la tabla `citas`
--

INSERT INTO `citas` (`id_cita`, `id_asesor1`, `id_cliente1`, `fecha`, `hora`, `estado_cita`) VALUES
(16, 1, 6, '2023-04-07', '10:00:00', 'pendiente'),
(17, 2, 6, '2023-04-05', '11:00:00', 'completada'),
(18, 2, 6, '2023-03-03', '09:00:00', 'confirmada'),
(19, 1, 6, '2023-03-24', '11:00:00', 'pendiente'),
(20, 1, 6, '2023-03-31', '13:00:00', 'pendiente'),
(21, 5, 6, '2023-03-30', '13:00:00', 'pendiente'),
(22, 10, 6, '2023-03-31', '09:00:00', 'completada'),
(24, 1, 6, '2023-03-30', '12:00:00', 'pendiente'),
(26, 6, 6, '2023-04-06', '10:00:00', 'pendiente');

-- --------------------------------------------------------

--
-- Estructura de tabla para la tabla `citasservicios`
--

DROP TABLE IF EXISTS `citasservicios`;
CREATE TABLE IF NOT EXISTS `citasservicios` (
  `id_citaServicio` int(11) NOT NULL AUTO_INCREMENT,
  `id_cita1` int(11) NOT NULL,
  `id_servicio1` int(11) NOT NULL,
  PRIMARY KEY (`id_citaServicio`),
  KEY `id_cita1` (`id_cita1`),
  KEY `id_servicio1` (`id_servicio1`)
) ENGINE=InnoDB AUTO_INCREMENT=12 DEFAULT CHARSET=utf8 COLLATE=utf8_unicode_ci;

--
-- Volcado de datos para la tabla `citasservicios`
--

INSERT INTO `citasservicios` (`id_citaServicio`, `id_cita1`, `id_servicio1`) VALUES
(1, 16, 12),
(2, 17, 7),
(3, 18, 15),
(4, 19, 12),
(5, 20, 12),
(6, 21, 12),
(7, 22, 21),
(9, 24, 7),
(11, 26, 12);

-- --------------------------------------------------------

--
-- Estructura de tabla para la tabla `clientes`
--

DROP TABLE IF EXISTS `clientes`;
CREATE TABLE IF NOT EXISTS `clientes` (
  `id_cliente` int(11) NOT NULL AUTO_INCREMENT,
  `nombre` varchar(60) COLLATE utf8_unicode_ci NOT NULL,
  `apellido_paterno` varchar(60) COLLATE utf8_unicode_ci NOT NULL,
  `apellido_materno` varchar(60) COLLATE utf8_unicode_ci NOT NULL,
  `email` varchar(30) COLLATE utf8_unicode_ci DEFAULT NULL,
  `telefono` varchar(10) COLLATE utf8_unicode_ci DEFAULT NULL,
  `id_alcaldia1` int(11) NOT NULL,
  `id_colonia1` int(11) NOT NULL,
  `id_giro1` int(11) NOT NULL,
  `password` varchar(50) COLLATE utf8_unicode_ci DEFAULT NULL,
  PRIMARY KEY (`id_cliente`),
  KEY `id_alcaldia1` (`id_alcaldia1`),
  KEY `id_colonia1` (`id_colonia1`),
  KEY `id_giro1` (`id_giro1`)
) ENGINE=InnoDB AUTO_INCREMENT=48 DEFAULT CHARSET=utf8 COLLATE=utf8_unicode_ci;

--
-- Volcado de datos para la tabla `clientes`
--

INSERT INTO `clientes` (`id_cliente`, `nombre`, `apellido_paterno`, `apellido_materno`, `email`, `telefono`, `id_alcaldia1`, `id_colonia1`, `id_giro1`, `password`) VALUES
(6, 'Cosmo', 'Gato', 'Arriola', 'cosmo@gmail.com', '0123456789', 5, 1005, 1, 'Kreativika2#'),
(7, 'Ana ', 'Torres ', 'Moreno', 'anatorres@gmail.com', '0123456789', 8, 1197, 5, 'Proyectoterminal1#'),
(8, 'Daniel ', 'García ', 'Hernández', 'garcia@correo.com', '1234567890', 6, 1060, 5, 'Kreativika2#'),
(9, 'FErnando', 'Arriola', 'Arriola Colunga', 'micorreo3@correo', '55665566', 9, 898, 4, 'Kreativika2#'),
(12, 'Rafael', 'Torres ', 'Rodriguez', 'rafatorres@correo.com', '1234567890', 16, 1610, 4, 'Kreativika2#'),
(15, 'Juan', 'Gonzalez', 'Martinez', 'micorreo@correo', '5512341234', 1, 898, 1, 'Kreativika'),
(35, 'Juan', 'Gonzalez', 'Martinez', 'micorreo@correo.com', '5523452345', 1, 898, 1, 'Kreativika3#'),
(41, 'Gigi', 'Arriola', 'Colunga', 'Gina@gmail.com', '11223344', 9, 118, 1, 'Proyectoterminal2#'),
(43, 'Diego', 'Sanchez', 'Flores', 'DiegoS@correo.com', '1234567890', 17, 1792, 8, 'Kreativika2#'),
(44, 'Sofía ', 'López ', 'Gómez', 'SofiaL@correo.com', '1234567890', 14, 1598, 5, 'Kreativika2#'),
(47, 'Luis ', 'Ramírez ', 'Ortiz', 'luisramirez@correo.com', '1122334455', 6, 1045, 5, 'Kreativika2#');

-- --------------------------------------------------------

--
-- Estructura de tabla para la tabla `colonias`
--

DROP TABLE IF EXISTS `colonias`;
CREATE TABLE IF NOT EXISTS `colonias` (
  `id_colonia` int(11) NOT NULL AUTO_INCREMENT,
  `colonia` varchar(60) COLLATE utf8_unicode_ci NOT NULL,
  `id_alcaldia2` int(11) NOT NULL,
  PRIMARY KEY (`id_colonia`),
  KEY `id_alcaldia2` (`id_alcaldia2`)
) ENGINE=InnoDB AUTO_INCREMENT=1924 DEFAULT CHARSET=utf8 COLLATE=utf8_unicode_ci;

--
-- Volcado de datos para la tabla `colonias`
--

INSERT INTO `colonias` (`id_colonia`, `colonia`, `id_alcaldia2`) VALUES
(1, '2a Sección de San Juan Ixhuatepec', 9),
(2, '6 de Junio Vista Hermosa', 9),
(3, '7 de Noviembre', 9),
(4, '15 de Agosto', 9),
(5, '25 de Julio', 9),
(6, 'Ahuehuetes', 9),
(7, 'Ampliación Arboledas de Cuautepec', 9),
(8, 'Ampliación Benito Juárez', 9),
(9, 'Ampliación Casas Alemán Oriente', 9),
(10, 'Ampliación Casas Alemán Poniente', 9),
(11, 'Ampliación Emiliano Zapata', 9),
(12, 'Ampliación Guadalupe Proletaria', 9),
(13, 'Ampliación Mártires de Río Blanco', 9),
(14, 'Ampliación Progreso Nacional', 9),
(15, 'Ampliación Providencia', 9),
(16, 'Ampliación San Juan de Aragón', 9),
(17, 'Aragón Inguarán', 9),
(18, 'Aragón la Villa', 9),
(19, 'Arboleda de Cuautepec el Alto', 9),
(20, 'Arbolillo', 9),
(21, 'Atzacoalco', 9),
(22, 'Ávila Camacho Caputitlán Tlacamaca', 9),
(23, 'Barrio La Purísima Ticomán', 9),
(24, 'Barrio Rosas del Tepeyac', 9),
(25, 'Belisario Domínguez', 9),
(26, 'Benito Juárez', 9),
(27, 'Bondojito', 9),
(28, 'Campestre Aragón', 9),
(29, 'Unidad Habitacional Huitznahua', 9),
(30, 'Unidad Habitacional La Esmeralda', 9),
(31, 'La Casilda', 9),
(32, 'Castillo Chico El Carmen Guadalupe Victoria', 9),
(33, 'Castillo Grande', 9),
(34, 'Chalma de Guadalupe', 9),
(35, 'Churubusco Tepeyac Montevideo', 9),
(36, 'Cocoyotes', 9),
(37, 'Colosio Tlacaélel', 9),
(38, 'Compositores Mexicanos', 9),
(39, 'Constitución de la República', 9),
(40, 'Cuchilla de La Joya La Joya', 9),
(41, 'Cuchilla del Tesoro', 9),
(42, 'Defensores de la República', 9),
(43, 'Del Bosque', 9),
(44, 'Valle de Madero', 9),
(45, 'Del Obrero', 9),
(46, 'Ejido San Juan de Aragón', 9),
(47, 'El Tepetatal', 9),
(48, 'Emiliano Zapata', 9),
(49, 'Estrella', 9),
(50, 'Ex Escuela de Tiro Fernando Casas Alemán', 9),
(51, 'Faja de Oro', 9),
(52, 'Fracc. Villa de Aragón', 9),
(53, 'Ampl.. Gabriel Hernández', 9),
(54, 'Gabriel Hernández', 9),
(55, 'Gertrudis Sánchez 1a Sección', 9),
(56, 'Gertrudis Sánchez 2a Sección', 9),
(57, 'Gertrudis Sánchez 3a Sección', 9),
(58, 'Gral. Felipe Berriozábal', 9),
(59, 'Granjas Modernas', 9),
(60, 'Guadalupe Insurgentes', 9),
(61, 'Guadalupe Proletaria', 9),
(62, 'Guadalupe Tepeyac', 9),
(63, 'Guadalupe Ticomán San Rafael Ticoman', 9),
(64, 'Guadalupe Victoria', 9),
(65, 'Guadalupe Victoria Vallejo Poniente', 9),
(66, 'Gustavo A.. Madero', 9),
(67, 'Héroes de Chapultepec', 9),
(68, 'Héroes de Nacozari', 9),
(69, 'Industrial Norte', 9),
(70, 'Industrial Sur', 9),
(71, 'Jorge Negrete', 9),
(72, 'Juan de Dios Batiz', 9),
(73, 'Juan González Romero', 9),
(74, 'Juventino Rosas', 9),
(75, 'La Candelaria San Juan Guadalupe Ticomán', 9),
(76, 'La Escalera', 9),
(77, 'La Escalera Tórres Lindavista', 9),
(78, 'La Estanzuela', 9),
(79, 'La Forestal', 9),
(80, 'La Joyita', 9),
(81, 'La Pastora', 9),
(82, 'La Pradera', 9),
(83, 'Laguna Ticomán', 9),
(84, 'Lindavista Norte', 9),
(85, 'Lindavista Sur', 9),
(86, 'U H Revolución IMSS', 9),
(87, 'Loma de la Palma', 9),
(88, 'Lomas de Cuautepec', 9),
(89, 'Magdalena de las Salinas', 9),
(90, 'Malacates', 9),
(91, 'Malinche', 9),
(92, 'Martín Carrera', 9),
(93, 'Mártires de Río Blanco', 9),
(94, 'Nueva Atzacoalco', 9),
(95, 'Nueva Industrial Vallejo', 9),
(96, 'Nueva Tenochtitlan', 9),
(97, 'Nueva Vallejo', 9),
(98, 'Nueva Vallejo Norte', 9),
(99, 'Palmatitla', 9),
(100, 'Panamericana', 9),
(101, 'Parque Metropolitano', 9),
(102, 'Progreso Nacional Oriente', 9),
(103, 'Progreso Nacional Poniente', 9),
(104, 'Providencia Oriente', 9),
(105, 'Providencia Poniente', 9),
(106, 'Pueblo Cuautepec El Alto', 9),
(107, 'Pueblo San Bartolo Atepehuacán', 9),
(108, 'Pueblo San Juan de Aragón', 9),
(109, 'Pueblo San Pedro Zacateco', 9),
(110, 'Pueblo Santa Isabel Tola', 9),
(111, 'Residencial de Acueducto de Guadalupe', 9),
(112, 'Residencial Zacatenco', 9),
(113, 'Salvador Díaz Mirón', 9),
(114, 'San Antonio', 9),
(115, 'San Felipe de Jesús Nte.', 9),
(116, 'San Felipe de Jesús Ote.', 9),
(117, 'San Felipe de Jesús Pte.', 9),
(118, 'San José de la Escalera', 9),
(119, 'San José Tiicomán', 9),
(120, 'San Pedro El Chico', 9),
(121, 'Santa Maria Ticomán', 9),
(122, 'Santa Rosa', 9),
(123, 'Santiago Atepetlac', 9),
(124, 'Sector 32 San Juan de Aragón', 9),
(125, 'Solidaridad Nacional', 9),
(126, 'Tablas de San Agustín', 9),
(127, 'Tepeyac Insurgentes', 9),
(128, 'Ticomán', 9),
(129, 'Tlalpexco', 9),
(130, 'Tres Estrellas', 9),
(131, 'Triunfo de la República', 9),
(132, 'Unidad Habitacional Acueducto de Guadalupe', 9),
(133, 'Unidad Habitacional Atzacoalco CTM', 9),
(134, 'Unidad Habitacional CTM Aragón', 9),
(135, 'Unidad Habitacional CTM El Risco', 9),
(136, 'Unidad Habitacional El Arbolillo I', 9),
(137, 'Unidad Habitacional El Arbolillo II', 9),
(138, 'Unidad Habitacional El Coyol', 9),
(139, 'Unidad Habitacional Fovissste Aragón', 9),
(140, 'Unidad Habitacional Indeco', 9),
(141, 'UH Infonavit San Juan de Aragón', 9),
(142, 'UH José María Morelos y Pavón I', 9),
(143, 'UH José María Morelos Eduardo Molina', 9),
(144, 'La Cuchilla', 9),
(145, 'UH Lindavista Vallejo Nte.', 9),
(146, 'UH Lindavista Vallejo', 9),
(147, 'UH Narciso Bassols', 9),
(148, 'UH San Juan de Aragón 1a Sección Nte.', 9),
(149, 'UH San Juan de Aragón 1a Sección Sur', 9),
(150, 'UH San Juan de Aragón 2a Sección', 9),
(151, 'UH San Juan de Aragón 3a Sección', 9),
(152, 'UH San Juan de Aragón 4a y 5a Sección Nte.', 9),
(153, 'UH San Juan de Aragón 4a y 5a Sección Sur', 9),
(154, 'UH San Juan de Aragón 6a Sección', 9),
(155, 'UH San Juan de Aragón 7a Sección', 9),
(156, 'UH Vallejo La Patera', 9),
(157, 'UH Villa Aragón', 9),
(158, 'Valle de Tepeyac', 9),
(159, 'Vallejo', 9),
(160, 'Vasco de Quiroga', 9),
(161, 'Vista Hermosa', 9),
(162, 'Zona Escolar Oriente', 9),
(163, 'UH La Cuchilla', 9),
(164, 'UH Infonavit Loreto Fabela', 9),
(738, '19 de Mayo', 2),
(739, 'Acueducto', 2),
(740, 'Adolfo López Mateos Ampliación Piloto', 2),
(741, 'Adolfo López Mateos Piloto', 2),
(742, 'Las Aguilas', 2),
(743, 'Aguilas 1o y 2o Parque', 2),
(744, 'Aguilas Ampliación', 2),
(745, 'Aguilas Barr. Unidad Habitacional', 2),
(746, 'Alfonso XIII', 2),
(747, 'Unidad Habitacional Benvenuto Cellini', 2),
(748, 'Ampliación Alpes', 2),
(749, 'Los Alpes', 2),
(750, 'Altavista', 2),
(751, 'Las Américas', 2),
(752, 'Ampliación Capulin', 2),
(753, 'La Angostura', 2),
(754, 'Arturo Martínez', 2),
(755, 'Arvide', 2),
(756, 'Atlamaya', 2),
(757, 'Axotla Pueblo', 2),
(758, 'Balcones de Cehuayo', 2),
(759, 'Batallón de San Patricio Unidad Habitacional', 2),
(760, 'Batán Barrio Viejo', 2),
(761, 'Bejero', 2),
(762, 'Belén Las Flores', 2),
(763, 'Belén Unidad Habitacional', 2),
(764, 'Bellavista', 2),
(765, 'Bonanza', 2),
(766, 'Camino Real de Tetelpan', 2),
(767, 'Campestre', 2),
(768, 'Capulín Tlacoyaque', 2),
(769, 'Carlos A. Madrazo La Loma', 2),
(770, 'Casa Blanca Condominio', 2),
(771, 'La Cascada', 2),
(772, 'Los Cedros', 2),
(773, 'Chimalistac', 2),
(774, 'Colinas de Tarango', 2),
(775, 'Colinas del Sur', 2),
(776, 'La Conchita', 2),
(777, 'Corpus Christy', 2),
(778, 'Cove', 2),
(779, 'Cristo Rey', 2),
(780, 'Las Cuevitas', 2),
(781, 'Desarrollo Urbano Álvaro Obregón', 2),
(782, 'Dos Ríos', 2),
(783, 'El Batán Santa Lucia', 2),
(784, 'El Capulín', 2),
(785, 'Ex Hacienda de Guadalupe Chimalistac', 2),
(786, 'Flor de María', 2),
(787, 'La Florida', 2),
(788, 'Fraccionamiento El Piru', 2),
(789, 'Francisco Villa', 2),
(790, 'Garcimarrero', 2),
(791, 'Las Golondrinas 1a. Ampliación', 2),
(792, 'Las Golondrinas 2a. Ampliación', 2),
(793, 'Las Golondrinas', 2),
(794, 'Guadalupe Inn', 2),
(795, 'Heron Proal Ponciano Arriaga', 2),
(796, 'La Herradura', 2),
(797, 'Hidalgo', 2),
(798, 'Estado de Hidalgo', 2),
(799, 'Hogar y Redención', 2),
(800, 'Hueytlale', 2),
(801, 'Isidro Fabela', 2),
(802, 'Jalalpa', 2),
(803, 'Jalalpa El Grande', 2),
(804, 'Jalalpa Tepito', 2),
(805, 'Jardines del Pedregal', 2),
(806, 'José María Pino Suárez', 2),
(807, 'La Joya', 2),
(808, 'La Joyita', 2),
(809, 'Juristas', 2),
(810, 'La Cañada', 2),
(811, 'La Milagrosa II', 2),
(812, 'La Otra Banda', 2),
(813, 'Liberales de 1857', 2),
(814, 'Llano Redondo', 2),
(815, 'Lomas de Axiomatla', 2),
(816, 'Lomas de Becerra', 2),
(817, 'Lomas de Becerra Unidad Habitacional', 2),
(818, 'Lomas de Capula', 2),
(819, 'Lomas de Chamontoya', 2),
(820, 'Lomas de Guadalupe', 2),
(821, 'Lomas de la Era', 2),
(822, 'Lomas de las Aguilas', 2),
(823, 'Lomas de Nuevo México', 2),
(824, 'Lomas de Plateros Unidad Habitacional Oriente', 2),
(825, 'Lomas de Plateros Unidad Habitacional Poniente', 2),
(826, 'Lomas de Puerta Grande', 2),
(827, 'Lomas de Tarango', 2),
(828, 'Lomas de San Angel Inn', 2),
(829, 'Loreto y Campamento', 2),
(830, 'María de G. de García Ruiz', 2),
(831, 'Merced Gómez', 2),
(832, 'La Mexicana', 2),
(833, 'Miguel Gaona Armenta', 2),
(834, 'Minas de Cristo Rey', 2),
(835, 'El Mirador', 2),
(836, 'Molino de Rosas', 2),
(837, 'Molino de Rosas Ampliación', 2),
(838, 'Molino de Santo Domingo', 2),
(839, 'Molino Santo Domingo Unidad Habitacional', 2),
(840, 'Olivar de los Padres', 2),
(841, 'Olivar del Conde', 2),
(842, 'Olivar del Conde Primera Sección', 2),
(843, 'Palmas', 2),
(844, 'Palmas Axotitla', 2),
(845, 'Las Palmas', 2),
(846, 'La Palmita', 2),
(847, 'El Paraíso', 2),
(848, 'Pino Suárez Reacomodo', 2),
(849, 'El Pirul', 2),
(850, 'Poder Popular Cooperativa', 2),
(851, 'La Presa Sección Horno', 2),
(852, 'La Presa', 2),
(853, 'Presidentes', 2),
(854, 'Presidentes 2a Ampliación', 2),
(855, 'Primera Victoria', 2),
(856, 'Primera Victoria Sección Bosques', 2),
(857, 'Progreso', 2),
(858, 'Progreso Ermita Tizapán', 2),
(859, 'Pueblo Nuevo', 2),
(860, 'Puente Colorado', 2),
(861, 'Puente Colorado Ampliación', 2),
(862, 'Reacomodo El Cuernito', 2),
(863, 'Real del Monte Lomas de Santo Domingo', 2),
(864, 'Rincón de la Bolsa', 2),
(865, 'Rodeo Barrio Norte', 2),
(866, 'Sacramento', 2),
(867, 'San Angel', 2),
(868, 'San Angel Inn', 2),
(869, 'San Bartolo Ameyalco Pueblo', 2),
(870, 'San Clemente', 2),
(871, 'San Francisco Rancho', 2),
(872, 'San Gabriel', 2),
(873, 'San Pedro de los Pinos', 2),
(874, 'unidad Habitacional Santa Fe IMSS', 2),
(875, 'Santa Fe Pueblo', 2),
(876, 'Santa Lucía', 2),
(877, 'Santa María Nonoalco', 2),
(878, 'Santa Rosa Xochiac', 2),
(879, 'Tepeaca', 2),
(880, 'Tetelpan Pueblo', 2),
(881, 'Tizampampano', 2),
(882, 'Tizapán Pueblo', 2),
(883, 'Tlacopac', 2),
(884, 'Tlacoyaque', 2),
(885, 'Tlacoyaque Ampliación', 2),
(886, 'Tlacuitlapa', 2),
(887, 'Tlacuitlapa Ampliación', 2),
(888, 'Toltecas', 2),
(889, 'Torres de Mixcoac Unidad Habitacional', 2),
(890, 'Torres de Potrero', 2),
(891, 'Torres de Potrero Ampliación', 2),
(892, 'Unidad Habitacional Carrillo Flores', 2),
(893, 'Unidad Habitacional San Lorenzo Universal', 2),
(894, 'Unidada habitacional Sears Roebuck', 2),
(895, 'Valetín Gómez Farias', 2),
(896, 'Villa Verdun', 2),
(897, 'Zenon Delgado', 2),
(898, 'Aguilera', 1),
(899, 'Aldana', 1),
(900, 'Ampliación Cosmopolita', 1),
(901, 'Ampliación del Gas', 1),
(902, 'Ampliación Petrolera', 1),
(903, 'Ampliación San Pedro Xalpa', 1),
(904, 'Angel Zimbron', 1),
(905, 'Arenal', 1),
(906, 'Azcapotzalco', 1),
(907, 'Barrio Coltongo', 1),
(908, 'Benito Juarez', 1),
(909, 'Claveria', 1),
(910, 'Cosmopolita', 1),
(911, 'Del Gas', 1),
(912, 'Del Maestro', 1),
(913, 'El Jagüey', 1),
(914, 'El Recreo', 1),
(915, 'Euzkadi', 1),
(916, 'Ex-Hacienda del Rosario', 1),
(917, 'Ferreria', 1),
(918, 'Hogar y Seguridad', 1),
(919, 'Industrial Vallejo', 1),
(920, 'Jardin Azpeitia', 1),
(921, 'La Preciosa', 1),
(922, 'La Raza', 1),
(923, 'Las Salinas', 1),
(924, 'Liberación', 1),
(925, 'Libertad', 1),
(926, 'Los Reyes', 1),
(927, 'Nextengo', 1),
(928, 'Nueva España', 1),
(929, 'Nueva Santa Maria Oriente', 1),
(930, 'Nueva Santa María Poniente', 1),
(931, 'Obrero Popular', 1),
(932, 'Pasteros', 1),
(933, 'Patrimonio Familiar', 1),
(934, 'Petrolera', 1),
(935, 'Plenitud', 1),
(936, 'Porvenir', 1),
(937, 'Portrero del Llano', 1),
(938, 'Prados del Rosario', 1),
(939, 'Por Hogar', 1),
(940, 'Providencia', 1),
(941, 'Reynosa Tamaulipas', 1),
(942, 'San Alvaro', 1),
(943, 'San Andrés Barrio', 1),
(944, 'San Andres Pueblo', 1),
(945, 'San Antonio', 1),
(946, 'San Bernabe', 1),
(947, 'San Francisco Tetecala', 1),
(948, 'San Francisco Xocotitla', 1),
(949, 'San Juan Tlihuaca', 1),
(950, 'San Marcos', 1),
(951, 'San Martin Xochinahuac', 1),
(952, 'San Mateo', 1),
(953, 'San Miguel Amantla', 1),
(954, 'San Pedro Xalpa', 1),
(955, 'San Rafael I', 1),
(956, 'San Salvador Xochimanca', 1),
(957, 'San Sebastian', 1),
(958, 'San Apolonia', 1),
(959, 'Santa Barbara', 1),
(960, 'Santa Catarina', 1),
(961, 'Santa Cruz Acayucan', 1),
(962, 'Santa Cruz de las Salinas', 1),
(963, 'Santa Ines', 1),
(964, 'Santa Lucia', 1),
(965, 'Santa Maria Maninalco', 1),
(966, 'Santiago Ahuizotla', 1),
(967, 'Santo Domingo', 1),
(968, 'Santo Tomas', 1),
(969, 'Sector Naval', 1),
(970, 'Sindicato Mexicano de Electricistas', 1),
(971, 'Tezozomoc', 1),
(972, 'Tierra Nueva', 1),
(973, 'Tlatilco', 1),
(974, 'Trabajadores del Hierro', 1),
(975, 'Cuitlahuac Sectores I y II', 1),
(976, 'Hogares Ferrocarrileros', 1),
(977, 'U H Cuitlahuac Sector III', 1),
(978, 'U H El Rosario Sector I', 1),
(979, 'U H El Rosario Sector II', 1),
(980, 'U H El Rosario - CTM', 1),
(981, 'U H Francisco Villa', 1),
(982, 'U H Las Trancas', 1),
(983, 'U H Miguel Hidalgo', 1),
(984, 'U H Presidente Madero', 1),
(985, 'U H San Pablo Xalpa', 1),
(986, 'U H Xochinahuac', 1),
(987, 'U H Cruz Roja Tepantongo', 1),
(988, 'Victoria de las Democracias', 1),
(989, '8 de Agosto', 5),
(990, 'Acacias', 5),
(991, 'Actipan', 5),
(992, 'Alamos', 5),
(993, 'Albert', 5),
(994, 'Americas Unidas', 5),
(995, 'Ampliación Nápoles', 5),
(996, 'Atenor Salas', 5),
(997, 'Cd de los Deportes', 5),
(998, 'Crédito Constructor', 5),
(999, 'Del Lago', 5),
(1000, 'Del Valle Centro', 5),
(1001, 'Del Valle Norte', 5),
(1002, 'Centro Urbano Presidente Alemán', 5),
(1003, 'Del Valle Sur', 5),
(1004, 'Ermita', 5),
(1005, 'Fracc Residencial Emperadores', 5),
(1006, 'Independencia', 5),
(1007, 'Insurgentes Extremadura', 5),
(1008, 'Insurgentes Mixcoac', 5),
(1009, 'Insurgentes San Borja', 5),
(1010, 'Iztaccihuatl', 5),
(1011, 'Jose Ortíz de Domínguez', 5),
(1012, 'Letrán Valle', 5),
(1013, 'Miguel Alemán', 5),
(1014, 'María del Carmen', 5),
(1015, 'Merced Gómez', 5),
(1016, 'Miravalle', 5),
(1017, 'Mixcoac', 5),
(1018, 'Moderna', 5),
(1019, 'Nápoles', 5),
(1020, 'Narvarte Oriente', 5),
(1021, 'Narvarte Poniente', 5),
(1022, 'Nativitas', 5),
(1023, 'Niños Héroes de Chapultepec', 5),
(1024, 'Noche Buena', 5),
(1025, 'Nonoalco', 5),
(1026, 'Pedro María Anaya', 5),
(1027, 'Periodista Francisco Zarco', 5),
(1028, 'Piedad Narvarte', 5),
(1029, 'Portales Norte Este', 5),
(1030, 'Portales Norte Oeste', 5),
(1031, 'Portales Oriente', 5),
(1032, 'Portales Sur Este', 5),
(1033, 'Portales Sur Oeste', 5),
(1034, 'Postal', 5),
(1035, 'Pueblo Xoco', 5),
(1036, 'San José Insurgentes', 5),
(1037, 'San Juan', 5),
(1038, 'San Pedro de los Pinos Oriente', 5),
(1039, 'San Pedro de los Pinos Poniente', 5),
(1040, 'San Simón Ticuman', 5),
(1041, 'Santa Cruz Atoyac', 5),
(1042, 'Tlacoquemecatl del Valle', 5),
(1043, 'Vertiz Narvarte', 5),
(1044, 'Villa de Cortés', 5),
(1045, 'Adolfo Ruiz Cortinez', 6),
(1046, 'Ajusco Norte', 6),
(1047, 'Ajusco Sur', 6),
(1048, 'Alianza Popular Revolucionaria Norte', 6),
(1049, 'Alianza Popular Revolucionaria Oriente', 6),
(1050, 'Alianza Popular Revolucionaria Poniente', 6),
(1051, 'Ampliación Insurgentes Cuicuilco', 6),
(1052, 'Atlántida', 6),
(1053, 'Avante', 6),
(1054, 'Barrio La Concepción', 6),
(1055, 'Barrio Niño de Jesús', 6),
(1056, 'Barrio Oxtopulco Universidad', 6),
(1057, 'Barrio Magdalena Culhuacán', 6),
(1058, 'U H Torres Coyoacán', 6),
(1059, 'Barrio San Lucas', 6),
(1060, 'San Francisco Culhuacán', 6),
(1061, 'Conjunto Habitacional Copilco Universidad Fovissste', 6),
(1062, 'Campestre Churubusco', 6),
(1063, 'Campestre Coyoacán', 6),
(1064, 'U H Canal Nacional La Virgen', 6),
(1065, 'Bosques de Tlameya', 6),
(1066, 'Cantil del Pedregal Media Luna', 6),
(1067, 'Carmen Serdan', 6),
(1068, 'Ciudad Jardín', 6),
(1069, 'Churubusco Country Club', 6),
(1070, 'Condominio Altillo Universidad', 6),
(1071, 'Condominio Para Empleados Federales', 6),
(1072, 'Conjunto Residencial Insurgentes San Angel', 6),
(1073, 'Copilco El Alto', 6),
(1074, 'Copilco Universidad', 6),
(1075, 'Del Carmen Viveros de Coyoacán', 6),
(1076, 'Emiliano Zapata', 6),
(1077, 'Educación', 6),
(1078, 'Ejido de San Francisco Culhuacán', 6),
(1079, 'El Caracol', 6),
(1080, 'El Centinela', 6),
(1081, 'El Mirador', 6),
(1082, 'El Parque Coyoacán', 6),
(1083, 'El Reloj', 6),
(1084, 'El Rosario', 6),
(1085, 'El Rosedal', 6),
(1086, 'Espartaco', 6),
(1087, 'Los Girasoles III Ex Ejido de Santa Ursula Coapa', 6),
(1088, 'Fraccionamiento M. Romero de Terreros', 6),
(1089, 'Hacienda de Coyoacán', 6),
(1090, 'Hermosillo', 6),
(1091, 'Insurgentes Cuicuilco', 6),
(1092, 'Las Cabañas', 6),
(1093, 'Jardines de Coyoacán', 6),
(1094, 'Jardines de Pedregal de San Angel', 6),
(1095, 'Joyas del Pedregal', 6),
(1096, 'La Candelaria', 6),
(1097, 'Las Campanas', 6),
(1098, 'Los Cedros', 6),
(1099, 'Los Cipreses', 6),
(1100, 'Los Girasoles I y II Ex Ejido Santa Úrsula Coapa', 6),
(1101, 'Los Olivos', 6),
(1102, 'Los Robles Módulo Social Fovissste Los Olivos', 6),
(1103, 'Módulo Social IMAN', 6),
(1104, 'Monte de Piedad', 6),
(1105, 'Nueva Ordaz', 6),
(1106, 'Parque San Andrés', 6),
(1107, 'Paseos de Taxqueña', 6),
(1108, 'Pedregal de Monserrat', 6),
(1109, 'Pedregal de Santo Domingo Centro', 6),
(1110, 'Pedregal de Santo Domingo Norte', 6),
(1111, 'Pedregal de Santo Domingo Sur', 6),
(1112, 'Pedregal del Maurel Rinconadas Las Playas', 6),
(1113, 'Pedregal Santa Úrsula Coapa', 6),
(1114, 'Petrolera Taxqueña', 6),
(1115, 'Prado Churubusco', 6),
(1116, 'Unidad Habitacional Ermita Churubusco', 6),
(1117, 'Prados de Coyoacán', 6),
(1118, 'Prados de Coyoacán Norte', 6),
(1119, 'Presidentes Ejidales', 6),
(1120, 'Pueblo de Los Reyes', 6),
(1121, 'Pueblo Santa Úrsula Coapa', 6),
(1122, 'Residencial Cafetales', 6),
(1123, 'Residencial Copilco', 6),
(1124, 'Residencial Taxqueña Unidad Habitacional Taxqueña', 6),
(1125, 'Rinconadas', 6),
(1126, 'Romero de Terreros', 6),
(1127, 'San Diego Churubusco', 6),
(1128, 'San Francisco', 6),
(1129, 'San Mateo', 6),
(1130, 'San Pablo Tepetlapa', 6),
(1131, 'Santa Catarina', 6),
(1132, 'Santa Cecilia', 6),
(1133, 'Santa Úrsula Coapa El Hueso Infonavit Unidad Habitacional', 6),
(1134, 'U H Acasulco', 6),
(1135, 'CTM Infonavit Culhuacán CTM V', 6),
(1136, 'CTM Infonavit Culhuacán Zona I y Zona II', 6),
(1137, 'CTM Culhuacán Presidentes Ejidales II', 6),
(1138, 'CTM Culhuacán Sección VI', 6),
(1139, 'CTM Culhuacán Zona III', 6),
(1140, 'CTM Culhuacán Zona VI', 6),
(1141, 'CTM Culhuacán Zonas 16, 18 y 19', 6),
(1142, 'UH CTM Infonavit Culhuacán Sección VII', 6),
(1143, 'UH CTM Culhuacán Sección IX', 6),
(1144, 'UH CTM Culhuacán Sección VIII', 6),
(1145, 'UH CTM Culhuacán Zona VIII A', 6),
(1146, 'UH CTM Culhuacán Zona X', 6),
(1147, 'UH Integración Latinoamericana', 6),
(1148, 'UH Piloto Culhuacán', 6),
(1149, 'UH Santa Martha del Sur Quetzalcoatl', 6),
(1150, 'UH STUNAM Culhuacán', 6),
(1151, 'Unidad Emiliano Zapata', 6),
(1152, 'Unidad Olímpica', 6),
(1153, 'Unidad Rosedal', 6),
(1154, 'Viejo de Ejido Santa Ursula Coapa', 6),
(1155, 'Villa Coyoacán', 6),
(1156, 'Villa Panamericana', 6),
(1157, 'Villa Quietud', 6),
(1158, 'Vistas del Maurel', 6),
(1159, 'Xotepingo', 6),
(1160, 'UH Tlalpan', 6),
(1161, 'Adolfo López Mateos', 7),
(1162, 'Ahuatenco', 7),
(1163, 'Amado Nervo', 7),
(1164, 'Bosque de las Lomas', 7),
(1165, 'Candelaria', 7),
(1166, 'Colorines', 7),
(1167, 'Conjunto Habitacional Antigua Terrum', 7),
(1168, 'Contadero', 7),
(1169, 'Contadero la Venta', 7),
(1170, 'Cruz Blanca', 7),
(1171, 'Cuajimalpa', 7),
(1172, 'El Ébano', 7),
(1173, 'El Molinito El Yaqui', 7),
(1174, 'El Molino', 7),
(1175, 'El Puente', 7),
(1176, 'Huizachito', 7),
(1177, 'La Navidad', 7),
(1178, 'La Pila', 7),
(1179, 'Las Lajas', 7),
(1180, 'Las Maromas', 7),
(1181, 'Lomas de Ocote', 7),
(1182, 'Lomas del Padre', 7),
(1183, 'Lomas de Memetla', 7),
(1184, 'Lomas de San Pedro', 7),
(1185, 'Lomas de Vista Hermosa', 7),
(1186, 'Lomas del Chamizal', 7),
(1187, 'Memetla Ampliación Memetla', 7),
(1188, 'Palo Alto', 7),
(1189, 'San José de los Cedros', 7),
(1190, 'San Lorenzo Acopilco', 7),
(1191, 'San Mateo Tlaltenago', 7),
(1192, 'San Pablo Chimalpa', 7),
(1193, 'San Pedro', 7),
(1194, 'Tepetonco', 7),
(1195, 'Tianguillo', 7),
(1196, 'Zentlapatl', 7),
(1197, 'Algarín', 8),
(1198, 'Ampliación Asturias', 8),
(1199, 'Asturias', 8),
(1200, 'Atlampa', 8),
(1201, 'Buenavista', 8),
(1202, 'Buenos Aires', 8),
(1203, 'Centro', 8),
(1204, 'Centro Alameda', 8),
(1205, 'Centro Norte', 8),
(1206, 'Centro Oriente', 8),
(1207, 'Centro Sur', 8),
(1208, 'Centro Urbano Benito Juárez', 8),
(1209, 'Condesa', 8),
(1210, 'Cuauhtémoc', 8),
(1211, 'Doctores Norte', 8),
(1212, 'Doctores Sur', 8),
(1213, 'Esperanza', 8),
(1214, 'Ex Hipódromo de Peralvillo', 8),
(1215, 'Guerrero', 8),
(1216, 'Hipódromo', 8),
(1217, 'Hipódromo Condesa', 8),
(1218, 'Juárez', 8),
(1219, 'Maza Felipe Pescador', 8),
(1220, 'Morelos', 8),
(1221, 'Obrera Norte', 8),
(1222, 'Obrera Sur', 8),
(1223, 'Paulino Navarro', 8),
(1224, 'Peralvillo', 8),
(1225, 'Roma Norte Oriente', 8),
(1226, 'Roma Norte Poniente', 8),
(1227, 'Roma Sur', 8),
(1228, 'San Rafael', 8),
(1229, 'San Simón Tolnahuac', 8),
(1230, 'Santa María Insurgentes', 8),
(1231, 'Santa María la Ribera Norte', 8),
(1232, 'Santa maría La Ribera Sur', 8),
(1233, 'Tabacalera', 8),
(1234, 'Tránsito', 8),
(1235, 'Unidad Nonoalco Tlatelolco Centro', 8),
(1236, 'Unidad Nonoalco Tlatelolco Oriente', 8),
(1237, 'Unidad Nonoalco Tlatelolco Poniente', 8),
(1238, 'Valle Gómez', 8),
(1239, 'Vista Alegre', 8),
(1240, 'Agricola Oriental Centro', 10),
(1241, 'Agricola Oriental Oriente', 10),
(1242, 'Agricola Oriental Poniente', 10),
(1243, 'U H Indeco', 10),
(1244, 'Ampliación IMPI los Picos', 10),
(1245, 'Barrio de los Reyes', 10),
(1246, 'Barrio de Santiago Norte', 10),
(1247, 'Barrio de la Santa Cruz', 10),
(1248, 'Barrio San Francisco Xicaltongo', 10),
(1249, 'Barrio San Pedro', 10),
(1250, 'Barrio Santiago Sur', 10),
(1251, 'Carlos Zapata Vela', 10),
(1252, 'Coyuya Fraccionamiento', 10),
(1253, 'Cuchilla Agricola Oriental', 10),
(1254, 'El Rodeo', 10),
(1255, 'Ex Ejido de la Magdalena Mixhuca', 10),
(1256, 'Flores Magon', 10),
(1257, 'Fraccionamiento Benito Juarez', 10),
(1258, 'Gabriel Ramos Millan', 10),
(1259, 'Gabriel Ramos Millan Tlacotal', 10),
(1260, 'Granjas Mexico Oriente', 10),
(1261, 'Granjas Mexico Poniente', 10),
(1262, 'Infonavit Iztacalco Unidad Sur', 10),
(1263, 'Infonavit Iztacalco Unidad Norte', 10),
(1264, 'Jardines Tecma', 10),
(1265, 'Juventino Rosas', 10),
(1266, 'Barrio la Asuncion', 10),
(1267, 'La Cruz Coyuya', 10),
(1268, 'Los Picos Iztacalco Sección 2 A', 10),
(1269, 'Los Picos Sección 1 B', 10),
(1270, 'Maestros de Iztacalco', 10),
(1271, 'Militar Marte', 10),
(1272, 'Reforma Iztaccihuatl Sur', 10),
(1273, 'Nueva Santa Anita', 10),
(1274, 'Pantitlan Centro', 10),
(1275, 'Pantitlan Oriente', 10),
(1276, 'Pantitlan Poniente', 10),
(1277, 'Picos Iztacalco', 10),
(1278, 'Ramos Millan Bramadero Norte', 10),
(1279, 'Ramos Millan Bramadero Sur', 10),
(1280, 'Ramos Millan y Cuchilla Ramos Millan', 10),
(1281, 'Reforma Iztaccihuatl Norte', 10),
(1282, 'Barrio San Miguel', 10),
(1283, 'Santa Anita', 10),
(1284, 'Barrio Tlazintla', 10),
(1285, 'U H Agua Caliente II', 10),
(1286, 'U H Barrio de Santiago', 10),
(1287, 'U H Belisario Dominguez', 10),
(1288, 'U H Hermanos Blancas', 10),
(1289, 'U H Ignacio Zaragoza', 10),
(1290, 'U H La Rosa', 10),
(1291, 'U H 5 de Diciembre', 10),
(1292, 'U H Sur 20', 10),
(1293, 'Unidad Mujeres Ilustres', 10),
(1294, 'Viaducto Piedad Iztacalco', 10),
(1295, 'Zapotla', 10),
(1296, '8a Ampliación San Miguel', 11),
(1297, 'Álvaro Obregón', 11),
(1298, 'Ampliación Triunfo', 11),
(1299, 'Ampliación Ricardo Flores Magon', 11),
(1300, 'Ampliación Santa Martha Acatitla', 11),
(1301, 'Ampliación Sinatel', 11),
(1302, 'Ampliación Veracruzana', 11),
(1303, 'Ampliación Zona Urbana Santa María Aztahuacán', 11),
(1304, 'Ampliación Emiliano Zapata', 11),
(1305, 'Año de Juárez', 11),
(1306, 'Apatlaco', 11),
(1307, 'Banjidal', 11),
(1308, 'Barrio de la Asunción', 11),
(1309, 'Barrio de San Miguel', 11),
(1310, 'Barrio de Sata Bárbara', 11),
(1311, 'Barrio de Guadalupe', 11),
(1312, 'Barrio de San Antonio', 11),
(1313, 'Barrio de San Antonio Culhuacán', 11),
(1314, 'Barrio de San Ignacio', 11),
(1315, 'Barrio San José', 11),
(1316, 'Barrio San Lorenzo Tezonco', 11),
(1317, 'Barrio San Lucas', 11),
(1318, 'Barrio San Pablo', 11),
(1319, 'Barrio San Pedro', 11),
(1320, 'Barrio San Simón Culhuacán', 11),
(1321, 'Barrio Tula', 11),
(1322, 'Buenavista', 11),
(1323, 'Campestre Estrella', 11),
(1324, 'Carlos Hank González', 11),
(1325, 'Casa Blanca', 11),
(1326, 'Cerro de la Estrella', 11),
(1327, 'Chinampac de Juárez', 11),
(1328, 'Citlali', 11),
(1329, 'Conjunto Habitacional Xopa', 11),
(1330, 'Consejo Agrarista Mexicano', 11),
(1331, 'Constitución de 1917', 11),
(1332, 'Desarrollo Urbano Quetzalcóatl del Norte', 11),
(1333, 'Desarrollo Urbano Quetzalcóatl del Sur', 11),
(1334, 'Dr. Alfonso Ortiz Tirado', 11),
(1335, 'Ejercito de Agua Prieta', 11),
(1336, 'Ejidal Santa María Aztahuacán', 11),
(1337, 'El Edén', 11),
(1338, 'El Manto', 11),
(1339, 'El Mirador', 11),
(1340, 'El Molino', 11),
(1341, 'El Molino Iztapalapa', 11),
(1342, 'El Paraíso', 11),
(1343, 'El Prado', 11),
(1344, 'El Retoño', 11),
(1345, 'El Rodeo', 11),
(1346, 'El Rosario', 11),
(1347, 'El Santuario', 11),
(1348, 'El Sifón', 11),
(1349, 'El Triunfo', 11),
(1350, 'El Vergel', 11),
(1351, 'Emperador Cacama', 11),
(1352, 'Escuadrón 201', 11),
(1353, 'Unidada Habitacional FAVE SEDENA', 11),
(1354, 'Estrella Culhuacan', 11),
(1355, 'Estrella del Sur', 11),
(1356, 'Fraccionamiento Colonial Iztapalapa', 11),
(1357, 'Fraccionamiento Real del Moral', 11),
(1358, 'Francico Villa', 11),
(1359, 'Fuego Nuevo', 11),
(1360, 'Granjas Esmeralda', 11),
(1361, 'Granjas Estrella', 11),
(1362, 'Granjas San Antonio', 11),
(1363, 'Guadalupe del Moral', 11),
(1364, 'Heroes de Churubusco', 11),
(1365, 'Huitzico', 11),
(1366, 'Insurgentes', 11),
(1367, 'Ixtlahuacan', 11),
(1368, 'Jacarandas', 11),
(1369, 'Jardín de San Lorenzo Tezonco', 11),
(1370, 'Jardines de Churubusco', 11),
(1371, 'José López Portillo', 11),
(1372, 'Juan Escutia', 11),
(1373, 'Justo Sierra', 11),
(1374, 'La Cañada El Potrero', 11),
(1375, 'La Era', 11),
(1376, 'La Esperanza', 11),
(1377, 'La Nueva Rosita', 11),
(1378, 'La Planta', 11),
(1379, 'La Polvorilla', 11),
(1380, 'Las Peñas', 11),
(1381, 'Leyes de reforma 1era Sección', 11),
(1382, 'Leyes de Reforma 2da Sección', 11),
(1383, 'Leyes de Reforma 3era Sección', 11),
(1384, 'Lomas de San Lorenzo', 11),
(1385, 'Lomas de Santa Cruz Meyehualco', 11),
(1386, 'Lomas de Zaragoza', 11),
(1387, 'Lomas Estrella', 11),
(1388, 'Lomas Estancia', 11),
(1389, 'Los Ángeles', 11),
(1390, 'Los Ángeles Apanoya', 11),
(1391, 'Miguel de la Madrid', 11),
(1392, 'Minerva', 11),
(1393, 'Miravalle', 11),
(1394, 'Mixcoatl', 11),
(1395, 'Monte Albas', 11),
(1396, 'Palmitas', 11),
(1397, 'Paraje San Juan', 11),
(1398, 'Paraje San Juan 2da Ampliación', 11),
(1399, 'Paraje Zacatepec', 11),
(1400, 'Paseos de Churubusco', 11),
(1401, 'Plan de Iguala', 11),
(1402, 'Presidentes de México', 11),
(1403, 'Progresista', 11),
(1404, 'Progreso del Sur', 11),
(1405, 'Pueblo Aculco', 11),
(1406, 'Pueblo de San Lorenzo Tezonco', 11),
(1407, 'Pueblo los Reyes Culhuacan', 11),
(1408, 'Pueblo Magdalena Atlazolpa', 11),
(1409, 'Pueblo Mexicaltzingo', 11),
(1410, 'Pueblo San Andrés Tomatlán', 11),
(1411, 'Pueblo San Juanico Nextpac', 11),
(1412, 'Pueblo San Lorenzo Xicotelcatl', 11),
(1413, 'Pueblo San Sebastián Tecoloxtitlan', 11),
(1414, 'Pueblo Santa Cruz Meyehualco', 11),
(1415, 'Pueblo Santa María Aztahuacán', 11),
(1416, 'Pueblo Santa Martha Acatitla', 11),
(1417, 'Pueblo Santiago Acahualtepec', 11),
(1418, 'Puente Blanco', 11),
(1419, 'Purísima Atlazolpa', 11),
(1420, 'Reforma Política', 11),
(1421, 'Renovación', 11),
(1422, 'Ricardo Flores Magón', 11),
(1423, 'Rinconada del Molino', 11),
(1424, 'San Andrés Tetepilco', 11),
(1425, 'San Francisco Apolocalco', 11),
(1426, 'San José Aculco', 11),
(1427, 'San José Buenavista', 11),
(1428, 'San Juan Cerro', 11),
(1429, 'San Juan Xalpa', 11),
(1430, 'San Miguel Teotongo Sección Rancho Bajo Avisadero', 11),
(1431, 'San Miguel Teotongo Secciones las Torres Mercedes', 11),
(1432, 'San Miguel Teotongo Sección Palmas Guadalupe', 11),
(1433, 'San Pablo I', 11),
(1434, 'San Pedro Sideral', 11),
(1435, 'Santa Isabel Industrial', 11),
(1436, 'Santa María del Monte', 11),
(1437, 'Santa María Tomatlán', 11),
(1438, 'Santa Martha Acatitla Sur', 11),
(1439, 'Santiago Acahualtepec 1era Ampliación', 11),
(1440, 'Santiago Acahualtepec 2da Ampliación', 11),
(1441, 'Sector Popular', 11),
(1442, 'Sinatel', 11),
(1443, 'Tenorios', 11),
(1444, 'Tepalcates', 11),
(1445, 'Torres del Potrero', 11),
(1446, 'Triángulo', 11),
(1447, 'Triángulo de las Águilas', 11),
(1448, 'Unidad Habitacional Artículo 4to Constitucional', 11),
(1449, 'Unidad Habitacional Cabeza de Juárez V', 11),
(1450, 'Unidad Habitacional Cuchillas del Moral', 11),
(1451, 'Unidad Habitacional Ejercito Constitucionalista SM III', 11),
(1452, 'Unidad Habitacional Ejercito de Oriente', 11),
(1453, 'Unidad Habitacional Ejercito de Oriente Zona Peñón', 11),
(1454, 'Unidad Habitacional Ermita Zaragoza', 11),
(1455, 'Unidad Habitacional Frente 10', 11),
(1456, 'Unidad Habitacional Frente 6 y 7', 11),
(1457, 'Unidad Habitacional Frente 8', 11),
(1458, 'Unidad Habitacional Frente 9', 11),
(1459, 'Unidad Habitacional Guelatao de Juárez I Y II - 3131', 11),
(1460, 'Unidad Habitacional Ignacio Zaragoza', 11),
(1461, 'Unidad Habitacional La Colmena', 11),
(1462, 'Unidad Habitacional La Valenciana', 11),
(1463, 'Unidad Habitacional Jongitud Barrios', 11),
(1464, 'Unidad Habitacional Los Picos VI B', 11),
(1465, 'Unidad Habitacional San Lorenzo Tezonco II', 11),
(1466, 'Unidad Habitacional Solidaridad el Salado', 11),
(1467, 'Unidad Habitacional Santa Cruz Meyehualco', 11),
(1468, 'Unidad Habitacional Técnicos Manuales', 11),
(1469, 'Unidad Habitacional Vicente Guerrero Norte', 11),
(1470, 'Unidad Habitacional Vicente Guerrero Súper Manzana 1 y 2', 11),
(1471, 'Unidad Habitacional Vicente Guerrero Súper Manzana 5', 11),
(1472, 'Unidad Habitacional Vicente Guerrero Súper Manzana 6', 11),
(1473, 'Unidad Habitacional Vicente Guerrero Sur', 11),
(1474, 'Unidad Habitacional Voceadores de México', 11),
(1475, 'Unidad Modelo', 11),
(1476, 'Valle de Luces', 11),
(1477, 'Valle de San Lorenzo', 11),
(1478, 'Valle Sur', 11),
(1479, 'Xalpa Norte', 11),
(1480, 'Xalpa Sur', 11),
(1481, 'Unidad Habitacional USCOVI', 11),
(1482, 'Ampliación Lomas de San Bernabe', 12),
(1483, 'Ampliación Potrerillo', 12),
(1484, 'Atacasco', 12),
(1485, 'Barranca Seca', 12),
(1486, 'Barros Sierra', 12),
(1487, 'Cerro del Judío', 12),
(1488, 'Cuauhtémoc', 12),
(1489, 'El Emitaño', 12),
(1490, 'El Ocotal', 12),
(1491, 'El Rosal', 12),
(1492, 'EL Tanque', 12),
(1493, 'El Toro', 12),
(1494, 'Guadalupe', 12),
(1495, 'Pedregal II', 12),
(1496, 'Santa Teresa', 12),
(1497, 'Héroes de Padierna', 12),
(1498, 'Huayatla', 12),
(1499, 'UH IMSS Independencia', 12),
(1500, 'La Carbonera', 12),
(1501, 'Barrios Las Calles', 12),
(1502, 'La Concepción', 12),
(1503, 'La Cruz', 12),
(1504, 'La Malinche', 12),
(1505, 'Las Cruces', 12),
(1506, 'Las Huertas', 12),
(1507, 'Las Palmas', 12),
(1508, 'Lomas de San Bernabe', 12),
(1509, 'Lomas Quebrada', 12),
(1510, 'Los Padres', 12),
(1511, 'Paraje Subestación', 12),
(1512, 'Potrerillo', 12),
(1513, 'Pueblo La Magdalena Contreras', 12),
(1514, 'Pueblo Nuevo Alto', 12),
(1515, 'Pueblo Nuevo Bajo', 12),
(1516, 'Pueblo San Bernabe Ocotepec', 12),
(1517, 'Pueblo San Nicolás Totolapan', 12),
(1518, 'San Francisco', 12),
(1519, 'San Jeronimo Acasulco', 12),
(1520, 'San Jeronimo Lídice', 12),
(1521, 'Tierra Unida', 12),
(1522, 'San Bartolo Ameyalco', 12),
(1523, '2da Secc Del Bosque de Chapultepec', 13),
(1524, '5 de Mayo', 13),
(1525, '16 de Septiembre', 13),
(1526, 'Agricultura Santo Tomás', 13),
(1527, 'Ahuehuetes Anahuac', 13),
(1528, 'América', 13),
(1529, 'Ampliación Daniel Garza', 13),
(1530, 'Ampliación Torre Blanca', 13),
(1531, 'Ampliación Granada', 13),
(1532, 'Ampliación Popo', 13),
(1533, 'Anahuac II Sección', 13),
(1534, 'Anzures', 13),
(1535, 'Argentina Antigua', 13),
(1536, 'Argentina Poniente', 13),
(1537, 'Polanco Sección V', 13),
(1538, 'Bosque de las Lomas', 13),
(1539, 'Bosques de Chapultepec 1a Sección', 13),
(1540, 'Casa Blanca', 13),
(1541, 'Polanco Sección III y IV', 13),
(1542, 'Cuauhtémoc Pensil', 13),
(1543, 'Daniel Garza', 13),
(1544, 'Polanco Sección I', 13),
(1545, 'Deportiva Pensil Norte', 13),
(1546, 'Deportiva Pensil Sur', 13),
(1547, 'Dos Lagos', 13),
(1548, 'Escandón', 13),
(1549, 'Francisco I Madero', 13),
(1550, 'Granada', 13),
(1551, 'Manuel Avila Camacho', 13),
(1552, 'Huichapan', 13),
(1553, 'Ignacio Manuel Altamirano', 13),
(1554, 'Irrigación', 13),
(1555, 'Lago Norte', 13),
(1556, 'Lago Sur', 13),
(1557, 'Legaria', 13),
(1558, 'Lomas Altas Plan de Barranca', 13),
(1559, 'Lomas de Barrilaco', 13),
(1560, 'Lomas de Bezares', 13),
(1561, 'Lomas de Chapultepec Virreyes', 13),
(1562, 'Lomas de Sotelo II Tata Lázaro', 13),
(1563, 'Lomas de Sotelo Sección I', 13),
(1564, 'Lomas Reforma', 13),
(1565, 'Los Manzanos', 13),
(1566, 'Mariano Escobedo Anahuac', 13),
(1567, 'México Nuevo', 13),
(1568, 'Modelo Pensil', 13),
(1569, 'Molino del Rey', 13),
(1570, 'Polanco Sección II', 13),
(1571, 'Nextitla', 13),
(1572, 'Nueva Anzures', 13),
(1573, 'Observatorio', 13),
(1574, 'Pensil Norte', 13),
(1575, 'Pensil Sur', 13),
(1576, 'Peralitos', 13),
(1577, 'Periodista', 13),
(1578, 'Popo', 13),
(1579, 'Popotla', 13),
(1580, 'Real de las Lomas', 13),
(1581, 'Reforma Pensil', 13),
(1582, 'Reforma Social', 13),
(1583, 'Residencial Militar', 13),
(1584, 'San Diego Ocoyac', 13),
(1585, 'San Joaquín', 13),
(1586, 'San Juanico', 13),
(1587, 'San Lorenzo Tlaltenango', 13),
(1588, 'San Miguel Chapultepec', 13),
(1589, 'Tacuba', 13),
(1590, 'Tacubaya', 13),
(1591, 'Tlaxpana', 13),
(1592, 'Torre Blanca', 13),
(1593, 'Unidad Habitacional Legaria', 13),
(1594, 'U H Militar Lomas de San Isidro', 13),
(1595, 'Unidad Habitacional Loma Hermosa', 13),
(1596, 'Ventura Pérez de Alba', 13),
(1597, 'Verónica Anzures', 13),
(1598, 'San Francisco Tecoxpa', 14),
(1599, 'San Antonio Tecomitl', 14),
(1600, 'San Bartolomé Xicomulco', 14),
(1601, 'San Lorenzo Tlacoyucan', 14),
(1602, 'San Pablo Oztotepec - Tlalpac', 14),
(1603, 'San Pedro Atocpan', 14),
(1604, 'San Salvador Cuauhtenco', 14),
(1605, 'Santa Ana Tlacotenco', 14),
(1606, 'San Agustín Ohtenco', 14),
(1607, 'San Jerónimo Miacatlan', 14),
(1608, 'San Juan Tepenahuac', 14),
(1609, 'Villa Milpa Alta', 14),
(1610, 'Agrícola Metropolitana', 16),
(1611, 'Amp. San Miguel Zapotitla', 16),
(1612, 'Conchita Torre Blanca Torres Bodet', 16),
(1613, 'Del Mar', 16),
(1614, 'Dr. Francisco Cabrera', 16),
(1615, 'El Rosario', 16),
(1616, 'EL Triángulo', 16),
(1617, 'Francisco Villa San Agustín', 16),
(1618, 'Granjas Cabrera', 16),
(1619, 'Granjas San Jeronimo', 16),
(1620, 'Jardines del Llano UH Villa Tlaltempan', 16),
(1621, 'La Asunción', 16),
(1622, 'La Asunción Santa Ana San Juan', 16),
(1623, 'La Estación', 16),
(1624, 'La Lupita', 16),
(1625, 'La Magdalena Los Reyes San Andrés', 16),
(1626, 'La Nopalera', 16),
(1627, 'La Soledad Potrero del Llano', 16),
(1628, 'La Turba', 16),
(1629, 'Las Arboledas', 16),
(1630, 'López Portillo', 16),
(1631, 'Los Olivos', 16),
(1632, 'Miguel Hidalgo', 16),
(1633, 'San Andrés Mixquic', 16),
(1634, 'Ojo de Agua', 16),
(1635, 'Pueblo de San Francisco Tlaltenco', 16),
(1636, 'Pueblo Santiago Zapotitlán', 16),
(1637, 'San José', 16),
(1638, 'San Nicolás Tetelco', 16),
(1639, 'San Pedro Tláhuac', 16),
(1640, 'Santa Cecilia', 16),
(1641, 'Santa Ana', 16),
(1642, 'Santa Catarina', 16),
(1643, 'Selene', 16),
(1644, 'Villa Centroamericana', 16),
(1645, 'Zapotitla', 16),
(1646, 'Zapotitlán', 16),
(1647, 'Ampliacion Isidro Fabela', 15),
(1648, 'Arboledas del Sur', 15),
(1649, 'Arenal Guadalupe Ex Ejido Huipulco', 15),
(1650, 'Arenal Tepepan', 15),
(1651, 'Belisario Dominguez', 15),
(1652, 'Barrio del Trueno', 15),
(1653, 'Barrio la Lonja', 15),
(1654, 'Barrio San Fernando', 15),
(1655, 'Belvedere', 15),
(1656, 'Bosques del Pedregal', 15),
(1657, 'Camisetas', 15),
(1658, 'Cantera', 15),
(1659, 'Cantera Puente de Piedra', 15),
(1660, 'Chichicaspa', 15),
(1661, 'Chimalcoyoc', 15),
(1662, 'Chimilli Mirador II', 15),
(1663, 'Coatectlan', 15),
(1664, 'Colinas del Bosque Fresnos', 15),
(1665, 'Conjunto Infonavit Cuemanco', 15),
(1666, 'Conjunto Urbano Coapa', 15),
(1667, 'Corrales', 15),
(1668, 'Cruz del Farol', 15),
(1669, 'Cuchilla de Padierna', 15),
(1670, 'Cuevitas', 15),
(1671, 'Cuicuilco Pedregal', 15),
(1672, 'Cuilotepec Pedregal', 15),
(1673, 'Cultura Maya', 15),
(1674, 'De Vergel y Coapa', 15),
(1675, 'Dos de Octubre', 15),
(1676, 'Ejidos de San Pedro Martir', 15),
(1677, 'El Capulin', 15),
(1678, 'El Metro', 15),
(1679, 'El Mirador', 15),
(1680, 'El Mirador Primera Seccion', 15),
(1681, 'El Mirador Tecera Seccion', 15),
(1682, 'El Mirador I', 15),
(1683, 'El Zacaton', 15),
(1684, 'Equipamiento Colegio Militar', 15),
(1685, 'Ex - Hacienda San Juan de Dios', 15),
(1686, 'Floresta Coyoacan Prados Coapa', 15),
(1687, 'Fraccionamiento Condominio del Bosque', 15),
(1688, 'Fraccionamiento Fuentes del Pedregal', 15),
(1689, 'Fraccionamiento Jardines de la Montaña', 15),
(1690, 'Fraccionamiento Rancho de Colorines', 15),
(1691, 'Fraccionamiento Rincon del Pedregal', 15),
(1692, 'Fraccionamiento Gabriel Ramos Millan', 15),
(1693, 'Granjas Coapa Magisterial', 15),
(1694, 'Granjas Coapa Oriente Rinconada Coapa', 15),
(1695, 'Guadalupe Tlalpan', 15),
(1696, 'Hacienda Coapa', 15),
(1697, 'Hacienda San Juan', 15),
(1698, 'Heroes de Padierna Oriente', 15),
(1699, 'Heroes de Padierna Poniente', 15),
(1700, 'Isidro Fabela', 15),
(1701, 'Jardines de Xitle Maria Esther Zuno', 15),
(1702, 'Jardines del Ajusco', 15),
(1703, 'Jardines Tlalpan', 15),
(1704, 'Jardines Villa Coapa', 15),
(1705, 'La Fama', 15),
(1706, 'La Fama II', 15),
(1707, 'La Joya', 15),
(1708, 'Las Hadas Residencial Coapa', 15),
(1709, 'Villa Lazaro Cardenas', 15),
(1710, 'Lomas Altas de Padierna', 15),
(1711, 'Lomas de Padierna', 15),
(1712, 'Lomas Hidalgo', 15),
(1713, 'Los Encinos', 15),
(1714, 'Los Volcanes', 15),
(1715, 'Loteria Tenorios FOVISSSTE', 15),
(1716, 'Magdalena Petlacalco', 15),
(1717, 'Mesa los Hornos', 15),
(1718, 'Miguel Hidalgo', 15),
(1719, 'Miguel Hidalgo Primera Seccion', 15),
(1720, 'Miguel Hidalgo Segunda Seccion', 15),
(1721, 'Miguel Hidalgo Tercera Seccion', 15),
(1722, 'Miguel Hidalgo Villa Olimpica', 15),
(1723, 'Mirador del Valle', 15),
(1724, 'Misiones Tlalpan', 15),
(1725, 'Narciso Mendoza Manzana 2', 15),
(1726, 'Narciso Mendoza Manzana 6', 15),
(1727, 'Narciso Mendoza Manzana 7', 15),
(1728, 'Narciso Mendoza Manzana 1', 15),
(1729, 'Narciso Mendoza Supermanzana 3', 15),
(1730, 'Niño Jesus', 15),
(1731, 'Nuevo Renacimiento de Axalco', 15),
(1732, 'Oriental Coapa Residencial Acoxpa', 15),
(1733, 'Paraje 38', 15),
(1734, 'Pareje Tetecon', 15),
(1735, 'Parres el Guarda', 15),
(1736, 'Pedregal de las Aguilas', 15),
(1737, 'Pedregal de Santa Ursula Xitla', 15),
(1738, 'Pedregal del Lago', 15),
(1739, 'Pedregal San Nicolas Primera Seccion', 15),
(1740, 'Pedregal San Nicolas Segunda Seccion', 15),
(1741, 'Pedregal San Nicolas Tercera Seccion', 15),
(1742, 'Pedrega San Nicolas Cuarta Seccion', 15),
(1743, 'Popular Santa Teresa', 15),
(1744, 'Prado Coapa Segunda Seccion', 15),
(1745, 'Primavera Verano', 15),
(1746, 'Chimalcoyoc Pueblo Canela', 15),
(1747, 'Pueblo Quieto', 15),
(1748, 'Real del Sur', 15),
(1749, 'Residencial Villa Coapa', 15),
(1750, 'Rinconada Coapa Primera Seccion', 15),
(1751, 'Romulo Sanchez', 15),
(1752, 'San Andres Totoltepec Oriente', 15),
(1753, 'San Andres Totoltepec Poniente', 15),
(1754, 'San Bartolo Chico Coapa', 15),
(1755, 'San Buenaventura', 15),
(1756, 'San Juan Tepeximilpa', 15),
(1757, 'San Lorenzo Huipulco', 15),
(1758, 'San Miguel Ajusco', 15),
(1759, 'San Miguel Topilejo', 15),
(1760, 'San Miguel Xicalco', 15),
(1761, 'San Pedro Martir', 15),
(1762, 'San Pedro Martir FOVISSSTE', 15),
(1763, 'Santo Tomas Ajusco', 15),
(1764, 'Seccion XVI', 15),
(1765, 'San Pedro Apostol', 15),
(1766, 'Solidaridad', 15),
(1767, 'Santa Ursula Xitla', 15),
(1768, 'Tecorral', 15),
(1769, 'Tenorios INFONAVIT I', 15),
(1770, 'Tenorios INFONAVIT II', 15),
(1771, 'Cumbre de Tepetongo', 15),
(1772, 'Tlalcoligia', 15),
(1773, 'Tlalmille', 15),
(1774, 'Tlalpan', 15),
(1775, 'Tlalpuente', 15),
(1776, 'Toriello Guerra', 15),
(1777, 'Torres de Padierna', 15),
(1778, 'Tres Fuentes', 15),
(1779, 'U H El Zapote', 15),
(1780, 'U H Hueso Periferico', 15),
(1781, 'U H Pemex Picacho', 15),
(1782, 'U H Residencial Insurgentes Sur', 15),
(1783, 'U H Sauzales Cebadales', 15),
(1784, 'U H Fuentes Brotantes', 15),
(1785, 'Valle de Tepepan Xolalpan', 15),
(1786, 'Vergel de Coyoacan', 15),
(1787, 'Vergel del Sur', 15),
(1788, 'Villa Cuemanco', 15),
(1789, 'Villa del Puente', 15),
(1790, 'Villa Royale', 15),
(1791, 'Prado Coapa Tercera Seccion', 15),
(1792, '1° de Mayo', 17),
(1793, '1era Secc El Arenal', 17),
(1794, '2da Secc El Arenal', 17),
(1795, '3era Secc El Arenal', 17),
(1796, '4ta Secc El Arenal', 17),
(1797, '5to Tramo de 20 de Noviembre', 17),
(1798, '10 de Mayo', 17),
(1799, '20 de Noviembre', 17),
(1800, '24 de Abril', 17),
(1801, 'Adolfo López Mateos', 17),
(1802, 'Aaron Saenz', 17),
(1803, 'Aeronaútica Militar', 17),
(1804, 'Alvaro Obregón', 17),
(1805, 'Ampl 7 de Julio', 17),
(1806, 'Ampliación 20 de Noviembre', 17),
(1807, 'Ampl Aviación Civil', 17),
(1808, 'Ampliación El Caracol', 17),
(1809, 'Ampliación Michoacana', 17),
(1810, 'Ampliación Penitenciaria', 17),
(1811, 'Ampliación Venustiano Carranza', 17),
(1812, 'Aquiles Serdán', 17),
(1813, 'Artes Gráficas', 17),
(1814, 'Azteca', 17),
(1815, 'Cuatro Arboles', 17),
(1816, 'Cuchilla Pantitlán', 17),
(1817, 'Damián Carmona', 17),
(1818, 'El Caracol', 17),
(1819, 'El Parque', 17),
(1820, 'Emilio Carranza', 17),
(1821, 'Federal', 17),
(1822, 'Felipe Angeles', 17),
(1823, 'Fracc Industrial Puerto Aéreo', 17),
(1824, 'Ignacio Zaragoza', 17),
(1825, 'Jamaica', 17),
(1826, 'Janitzio', 17),
(1827, 'Jardín Balbuena Norte', 17),
(1828, 'Jardín Balbuena Sur', 17),
(1829, 'Lorenzo Boturini', 17),
(1830, 'Madero Progresista', 17),
(1831, 'Magdalena Mixhuca Colonia', 17),
(1832, 'Magdalena Mixhuca Pueblo', 17),
(1833, 'Merced Balbuena', 17),
(1834, 'Merced Zona Centro', 17),
(1835, 'Miguel Hidalgo Revolución', 17),
(1836, 'Moctezuma 1era Sección', 17),
(1837, 'Moctezuma 2da Sección Norte', 17),
(1838, 'Moctezuma 2da Sección Sur', 17),
(1839, 'Morelos', 17),
(1840, 'Nicolás Bravo', 17),
(1841, 'Pensador Mexicano', 17),
(1842, 'Peñón de los Baños', 17),
(1843, 'Popular Rastro', 17),
(1844, 'Puebla', 17),
(1845, 'Romero Rubio', 17),
(1846, 'Santa Cruz Aviación', 17),
(1847, 'Sevilla', 17),
(1848, 'Simón Bolivar', 17),
(1849, 'UH Fiviport', 17),
(1850, 'Valentín Gómez Farias', 17),
(1851, 'Valle Gómez', 17),
(1852, 'Venustiano Carranza', 17),
(1853, 'Ampliación TEPEPAN', 18),
(1854, 'Ampl. Nativitas San Lorenzo Atemoaya', 18),
(1855, 'Ampl.. San Marcos Las Peritas; Potrero San Bernardino', 18),
(1856, 'Barrio 18', 18),
(1857, 'Barrio Belén', 18),
(1858, 'Barrio Caltongo', 18),
(1859, 'Barrio Calyequiita', 18),
(1860, 'Barrio El Mirador', 18),
(1861, 'Barrio El Rosario', 18),
(1862, 'Barrio La Santísima', 18),
(1863, 'Barrio La Asunción', 18),
(1864, 'Barrio La Concepción Tlacoapa', 18),
(1865, 'Barrio San Antonio', 18),
(1866, 'Barrio San Cristóbal', 18),
(1867, 'Barrio San Diego', 18),
(1868, 'Barrio San Esteban', 18),
(1869, 'Barrio San Juan', 18),
(1870, 'Barrio San Lorenzo', 18),
(1871, 'Barrio San Marcos', 18),
(1872, 'Barrio San Pedro', 18),
(1873, 'Barrio Xaltocan', 18),
(1874, 'Bosque Residencial Sur San Bartolo Chico', 18),
(1875, 'Barrio Los Reyes', 18),
(1876, 'Cristo Rey', 18),
(1877, 'Del Carmen', 18),
(1878, 'El Mirador', 18),
(1879, 'Fraccionamiento Paseos Del Sur', 18),
(1880, 'Fraccionamiento Arcos Del Sur', 18),
(1881, 'Guadalupana', 18),
(1882, 'Guadalupe', 18),
(1883, 'Guadalupita', 18),
(1884, 'Huichapan', 18),
(1885, 'Jardines Del Sur', 18),
(1886, 'La Cañada', 18),
(1887, 'La Cebada Ejidos De Tepepan', 18),
(1888, 'La Noria', 18),
(1889, 'Las Cruces Las Flores', 18),
(1890, 'Lomas De Tonalco', 18),
(1891, 'Los Cerrillos', 18),
(1892, 'Los Morales', 18),
(1893, 'Olivar Santa Maria', 18),
(1894, 'Pueblo De San Francisco Tlalnepantla', 18),
(1895, 'Pueblo De San Luis Tlaxialtemalco', 18),
(1896, 'Pueblo San Andrés Ahuayucan', 18),
(1897, 'Pueblo San Mateo Xalpa', 18),
(1898, 'Pueblo Santa Cecilia Tepetlapa', 18),
(1899, 'Pueblo Santiago Tepalcatlapan', 18),
(1900, 'Pueblo Santa Cruz Acalpixca', 18),
(1901, 'Quirino Mendoza', 18),
(1902, 'Rinconada Del Sur Fovissste', 18),
(1903, 'Residencial Tesmiic', 18),
(1904, 'San Felipe', 18),
(1905, 'San Gregorio Atlapulco', 18),
(1906, 'San Isidro', 18),
(1907, 'San Jerónimo', 18),
(1908, 'San Juan', 18),
(1909, 'San Juan Minas', 18),
(1910, 'San Lorenzo La Cebada', 18),
(1911, 'San Lucas Xochimanca', 18),
(1912, 'San Sebastián', 18),
(1913, 'Santa Cruz Chavarrieta', 18),
(1914, 'Santa Cruz Xochitepec', 18),
(1915, 'Santa Inés', 18),
(1916, 'Santa Maria Nativitas', 18),
(1917, 'Santa Maria Tepepan', 18),
(1918, 'Tierra Nueva', 18),
(1919, 'Unidad Habitacional Loreto Y Peña Pobre', 18),
(1920, 'Unidad Habitacional Villa Xochimilco', 18),
(1921, 'Unidad Nativitas', 18),
(1922, 'Xicalhuacan', 18),
(1923, 'Xochipilli', 18);

-- --------------------------------------------------------

--
-- Estructura de tabla para la tabla `educaciones`
--

DROP TABLE IF EXISTS `educaciones`;
CREATE TABLE IF NOT EXISTS `educaciones` (
  `id_educacion` int(11) NOT NULL AUTO_INCREMENT,
  `institucion` varchar(150) COLLATE utf8_unicode_ci NOT NULL,
  PRIMARY KEY (`id_educacion`)
) ENGINE=InnoDB AUTO_INCREMENT=1357 DEFAULT CHARSET=utf8 COLLATE=utf8_unicode_ci;

--
-- Volcado de datos para la tabla `educaciones`
--

INSERT INTO `educaciones` (`id_educacion`, `institucion`) VALUES
(1018, 'Asociación Mexicana para la Práctica, Investigación y Enseñanza del Psicoanálisis, A.C.  '),
(1019, 'Asociación Psicoanalítica Mexicana '),
(1020, 'Ateneo Filosófico, A.C. '),
(1021, 'Benemérita Escuela Nacional de Maestros '),
(1022, 'Centro Angloeducativo  Miguel Ángel de Quevedo '),
(1023, 'Centro Avanzado de Comunicación Eulalio Ferrer '),
(1024, 'Centro Cultural Itaca '),
(1025, 'Centro de Actualización del Magisterio en la Ciudad de México '),
(1026, 'Centro de Arte Mexicano '),
(1027, 'Centro de Ciencias para la Familia Loma '),
(1028, 'Centro de Cultura Casa Lamm  '),
(1029, 'Centro de Diseño, Cine y Televisión '),
(1030, 'Centro de Educación Continua Ingeniero Eugenio Méndez Docurro '),
(1031, 'Centro de Estudios de los Valores Humanos CEVHAC '),
(1032, 'Centro de Estudios de Ortodoncia Aplicada, A.C. '),
(1033, 'Centro de Estudios de Posgrado en Derecho '),
(1034, 'Centro de Estudios de Posgrado, Campus Polanco  '),
(1035, 'Centro de Estudios en Ciencias de la Comunicación '),
(1036, 'Centro de Estudios Psicoanalíticos Mexicano '),
(1037, 'Centro de Estudios Superiores de Diseño de Monterrey (CEDIM) CDMX '),
(1038, 'Centro de Estudios Superiores de San Ángel (CESSA)  '),
(1039, 'Centro de Estudios Superiores en Educación '),
(1040, 'Centro de Estudios Superiores Monte Fénix '),
(1041, 'Centro de Estudios Superiores Navales '),
(1042, 'Centro de Estudios Tecnológicos y Universitarios IAMP '),
(1043, 'Centro de Estudios Universitarios de Periodismo y Arte en Radio y Televisión, S.C. '),
(1044, 'Centro de Investigación e Innovación Tecnologías de la Información y Comunicación (INFOTEC) '),
(1045, 'Centro de Investigación en Ciencia Aplicada y Tecnología Avanzada  '),
(1046, 'Centro de Investigación en Ciencia Aplicada y Tecnología Avanzada CICATA, Unidad Legaria '),
(1047, 'Centro de Investigación en Computación CIC, Zacatenco '),
(1048, 'Centro de Investigación en Geografía y Geomática '),
(1049, 'Centro de Investigación Tecnológica CIITEC, Unidad Azcapotzalco '),
(1050, 'Centro de Investigación y de Desarrollo Tecnológico en Cómputo CIDETEC, Iztacalco '),
(1051, 'Centro de Investigación y de Estudios Avanzados (CINVESTAV) '),
(1052, 'Centro de Investigación y Docencia Económicas (CIDE) '),
(1053, 'Centro de Investigaciones Económicas, Administrativas y Sociales. CIECAS '),
(1054, 'Centro de Investigaciones y Estudios Superiores en Antropología Social '),
(1055, 'Centro Eleia Actividades Psicológicas, Plantel Sur '),
(1056, 'Centro Interamericano de Estudios de Seguridad Social Jesús Reyes Heróles '),
(1057, 'Centro Interdisciplinario de Ciencias de la Salud CICS, Unidad Milpa Alta '),
(1058, 'Centro Interdisciplinario de Ciencias de la Salud CICS, Unidad Santo Tomás '),
(1059, 'Centro Interdisciplinario de Investigaciones y Estudios sobre Medio Ambiente y Desarrollo CIIEMAD, Zacatenco '),
(1060, 'Centro Mexicano de Programación Neurolingüística, Plantel Ciudad de México '),
(1061, 'Centro Mexicano para la Producción más Limpia '),
(1062, 'Centro Trilingue de Estudios Universitarios '),
(1063, 'Centro Universitario Anglo Mexicano, S.C.  '),
(1064, 'Centro Universitario Columbia '),
(1065, 'Centro Universitario de Comunicación '),
(1066, 'Centro Universitario de la Ciudad de México '),
(1067, 'Centro Universitario Emmanuel Kant '),
(1068, 'Centro Universitario en Periodismo y Publicidad '),
(1069, 'Centro Universitario Incarnate Word '),
(1070, 'Centro Universitario Narvarte '),
(1071, 'Centro Universitario Oriente de México '),
(1072, 'Centro Universitario Patria '),
(1073, 'Centro Universitario San Ángel '),
(1074, 'Clínica del Instituto de la Familia  '),
(1075, 'Colegio Amauta '),
(1076, 'Colegio de Consultores en Imágen Pública '),
(1077, 'Colegio Francés Hidalgo de México, S.C. '),
(1078, 'Colegio Hispano Americano '),
(1079, 'Colegio Holandés-Ochoterena '),
(1080, 'Colegio Internacional de Educación Superior '),
(1081, 'Colegio Las Rosas '),
(1082, 'Colegio Superior de Gastronomía '),
(1083, 'Colegio Superior de Turismo y Hotelería César Ritz '),
(1084, 'El Colegio de México, A.C. (COLMEX) '),
(1085, 'Enseñanza e Investigación Superior, A.C. (EISAC) , Campus Ferrería '),
(1086, 'Enseñanza e Investigación Superior, A.C. (EISAC),  Campus Reforma '),
(1087, 'Escuela Bancaria y Comercial, Campus Ciudad de México '),
(1088, 'Escuela Bancaria y Comercial, Campus Reforma '),
(1089, 'Escuela Benjamín Franklin, S.C. '),
(1090, 'Escuela de Dietética y Nutrición '),
(1091, 'Escuela de Enfermeras de Guadalupe '),
(1092, 'Escuela de Enfermería  '),
(1093, 'Escuela de Enfermería de la Secretaría de Salud '),
(1094, 'Escuela de Enfermería de la Secretaría de Salud del D.F. '),
(1095, 'Escuela de Enfermería del Hospital de Jesús '),
(1096, 'Escuela de Enfermería del Instituto Nacional de Cardiología Dr. Ignacio Chávez '),
(1097, 'Escuela de Enfermería María Elena Maza Brito '),
(1098, 'Escuela de Fisioterapia '),
(1099, 'Escuela de Ingeniería Municipal '),
(1100, 'Escuela de Periodismo Carlos Septién García '),
(1101, 'Escuela de Técnicos en Radiología '),
(1102, 'Escuela Libre de Derecho '),
(1103, 'Escuela Libre de Homeopatía de México, I.A.P. '),
(1104, 'Escuela Maestro Manel Acosta, Río Sena  '),
(1105, 'Escuela Médico Militar '),
(1106, 'Escuela Mexicana de Turismo '),
(1107, 'Escuela Militar de Odontología '),
(1108, 'Escuela Nacional de Antropología e Historia (ENAH) '),
(1109, 'Escuela Nacional de Artes Plásticas  '),
(1110, 'Escuela Nacional de Biblioteconomía y Archivonomía (ENBA) '),
(1111, 'Escuela Nacional de Ciencias Biológicas  '),
(1112, 'Escuela Nacional de Conservación, Restauración y Museografía Manuel del Castillo Negrete (ENCRyM) '),
(1113, 'Escuela Nacional de Entrenadores Deportivos (ENED) '),
(1114, 'Escuela Nacional de Medicina y Homeopatía ENMH '),
(1115, 'Escuela Nacional para Maestras de Jardines de Niños '),
(1116, 'Escuela Normal Amado Nervo '),
(1117, 'Escuela Normal Bertha Von Glumer '),
(1118, 'Escuela Normal Bertha Von Glumer, Cuajimalpa  '),
(1119, 'Escuela Normal de Especialización Dr. Roberto Solís Quiroga '),
(1120, 'Escuela Normal de México '),
(1121, 'Escuela Normal Francés Pasteur '),
(1122, 'Escuela Normal La Florida, Centro Teresiano de Estudios Superiores '),
(1123, 'Escuela Normal La Florida, Centro Teresiano de Estudios Superiores '),
(1124, 'Escuela Normal Superior de México '),
(1125, 'Escuela Normal Superior FEP '),
(1126, 'Escuela Superior de Comercio Internacional '),
(1127, 'Escuela Superior de Comercio y Administración (ESCA) '),
(1128, 'Escuela Superior de Comercio y Administración ESCA, Unidad Tepepan '),
(1129, 'Escuela Superior de Computo ESCOM, Zacatenco '),
(1130, 'Escuela Superior de Economía ESE, Santo Tomás '),
(1131, 'Escuela Superior de Educación Física '),
(1132, 'Escuela Superior de Enfermería y Obstetricia '),
(1133, 'Escuela Superior de Física y Matemáticas ESFM, Zacatenco '),
(1134, 'Escuela Superior de Ingeniería Mecánica y Eléctrica ESIME, Unidad Azcapotzalco '),
(1135, 'Escuela Superior de Ingeniería Mecánica y Eléctrica ESIME, Unidad Culhuacán '),
(1136, 'Escuela Superior de Ingeniería Mecánica y Eléctrica ESIME, Unidad Zacatenco '),
(1137, 'Escuela Superior de Ingeniería Mecánica y Eléctrica, Unidad Ticomán '),
(1138, 'Escuela Superior de Ingeniería Química e Industrias Extractivas, Zacatenco '),
(1139, 'Escuela Superior de Ingeniería Textil ESIT, Zacatenco '),
(1140, 'Escuela Superior de Ingeniería y Arquitectura ESIA, Unidad Ticomán '),
(1141, 'Escuela Superior de Ingeniería y Arquitectura ESIA,Unidad Zacatenco '),
(1142, 'Escuela Superior de Medicina  '),
(1143, 'Escuela Superior de Terapia Física  '),
(1144, 'Escuela Superior de Turismo, Ticomán '),
(1145, 'Escuela Superior Villanueva Montaño, S.C. '),
(1146, 'Facultad de Derecho de la Barra Nacional de Abogados '),
(1147, 'Facultad de Derecho de la Barra Nacional de Abogados '),
(1148, 'Facultad de Estudios Superiores Zaragoza  '),
(1149, 'Facultad Latinoamericana de Ciencias Sociales (FLACSO) '),
(1150, 'Fideicomiso de Formación y Capacitación para el Personal de la Marina Mercante '),
(1151, 'Grupo Educativo Anglo Americano, Centro Diana Cazadora  '),
(1152, 'Grupo Educativo Anglo Americano, Centro Polanco '),
(1153, 'Grupo Educativo Anglo Americano, Coyoacán '),
(1154, 'Grupo Educativo Núñez Fragoso '),
(1155, 'Hospital Infantil de México Federico Gómez '),
(1156, 'Instituto Bonampak, Campos Villa Coapa '),
(1157, 'Instituto Bonampak, Campus Oriente  '),
(1158, 'Instituto Carlos Lindbergh '),
(1159, 'Instituto Científico Técnico y Educativo '),
(1160, 'Instituto Cultural Derechos Humanos '),
(1161, 'Instituto Cultural Helénico, A.C. '),
(1162, 'Instituto de Ciencias y Estudios Superiores de la Ciudad de México (ICES)  '),
(1163, 'Instituto de Comunicación y Filosofía, A.C. '),
(1164, 'Instituto de Cultura Superior '),
(1165, 'Instituto de Enseñanza Superior en Contaduría y Administración '),
(1166, 'Instituto de Entrenamiento e Investigación en Psicoterapia '),
(1167, 'Instituto de Especialización para Ejecutivos '),
(1168, 'Instituto de Estudios Avanzados en Odontología Dr. Yuri Kuttler '),
(1169, 'Instituto de Estudios de Posgrado en Ciencias y Humanidades '),
(1170, 'Instituto de Estudios de Posgrado en Psicoanálisis y Psicoterapia '),
(1171, 'Instituto de Estudios Fiscales y Administrativos '),
(1172, 'Instituto de Estudios Superiores de Moda Casa de Francia '),
(1173, 'Instituto de Estudios Superiores de Turismo '),
(1174, 'Instituto de Estudios Superiores del Colegio Holandés '),
(1175, 'Instituto de Estudios Superiores en Administración Pública y Privada '),
(1176, 'Instituto de Formación Profesional de la PGJDF '),
(1177, 'Instituto de Investigación en Psicología Clínica y Social '),
(1178, 'Instituto de Investigaciones Dr. José María Luis Mora '),
(1179, 'Instituto de Mercadotecnia y Publicidad '),
(1180, 'Instituto de Prevención del Delito e Investigación Penitenciaria '),
(1181, 'Instituto de Psicología y Psicoanálisis '),
(1182, 'Instituto de Psicoterapia Cognitivo Conductual '),
(1183, 'Instituto de Terapia Familiar Cencalli '),
(1184, 'Instituto de Terapia Ocupacional '),
(1185, 'Instituto de Terapia Racional Emotiva '),
(1186, 'Instituto Gauss Jordan '),
(1187, 'Instituto Internacional del Derecho y del Estado '),
(1188, 'Instituto Latinoamericana de Estudios de la Familia '),
(1189, 'Instituto Latinoamericano de la Comunicación Educativa (ILCE) '),
(1190, 'Instituto Latinoamericano de la Comunicación Educativa (ILCE), Sede Miramontes '),
(1191, 'Instituto Leonardo Bravo, Plantel Centro '),
(1192, 'Instituto Leonardo Bravo, Plantel La Raza  '),
(1193, 'Instituto Marillac '),
(1194, 'Instituto Matías Romero  '),
(1195, 'Instituto Mexicano de la Audición y el Lenguaje '),
(1196, 'Instituto Mexicano de Sexología '),
(1197, 'Instituto Mexicano del Petróleo '),
(1198, 'Instituto Nacional de Administración Pública, A.C. '),
(1199, 'Instituto Nacional de Bellas Artes y Literatura (INBAL) '),
(1200, 'Instituto Nacional de Bellas Artes y Literatura (INBAL), Conservatorio Nacional de Música '),
(1201, 'Instituto Nacional de Bellas Artes y Literatura (INBAL), Escuela de Diseño '),
(1202, 'Instituto Nacional de Bellas Artes y Literatura (INBAL), Escuela Nacional de Arte Teatral '),
(1203, 'Instituto Nacional de Bellas Artes y Literatura (INBAL), Escuela Nacional de Danza Clásica y Contemporánea '),
(1204, 'Instituto Nacional de Bellas Artes y Literatura (INBAL), Escuela Nacional de Danza Nelly y Gloria Campobello '),
(1205, 'Instituto Nacional de Bellas Artes y Literatura (INBAL), Escuela Nacional de Pintura, Escultura y Grabado La Esmeralda '),
(1206, 'Instituto Nacional de Bellas Artes y Literatura (INBAL), Escuela Superior de Música '),
(1207, 'Instituto Nacional de Ciencias Penales '),
(1208, 'Instituto Nacional de Estudios Sindicales y de Administración Pública de la F.S.T.S.E. '),
(1209, 'Instituto Nacional de Estudios Superiores en Derecho Penal '),
(1210, 'Instituto Nacional de Pediatría '),
(1211, 'Instituto Nacional de Perinatología Isidro Espinosa De los Reyes '),
(1212, 'Instituto Nacional de Rehabilitación '),
(1213, 'Instituto Nueva Inglaterra '),
(1214, 'Instituto Panamericano de Alta Dirección de Empresa (IPADE) '),
(1215, 'Instituto para el Desarrollo y Actualización de Profesionales '),
(1216, 'Instituto Pedagógico Anglo Español (IPAE) '),
(1217, 'Instituto Politécnico Nacional  '),
(1218, 'Instituto Salesiano de Estudios Superiores '),
(1219, 'Instituto Sigmund Freud '),
(1220, 'Instituto Superior de Estudios Eclesiásticos '),
(1221, 'Instituto Superior de Interpretes y Traductores '),
(1222, 'Instituto Tecnológico Autónomo de México (ITAM) '),
(1223, 'Instituto Tecnológico Autónomo de México (ITAM) Campus Santa Teresa '),
(1224, 'Instituto Tecnológico de la Construcción '),
(1225, 'Instituto Tecnológico de Teléfonos de México '),
(1226, 'Instituto Tecnológico de Tláhuac II '),
(1227, 'Instituto Tecnológico y de Estudios Superiores de Monterrey '),
(1228, 'Instituto Tecnológico y de Estudios Superiores de Monterrey, Campus Santa Fé  '),
(1229, 'Jannette Klein Universidad  '),
(1230, 'Primera Escuela de Tráfico y Tramitación Aduanal '),
(1231, 'Tecnológico de Monterrey, Campus Santa Fe '),
(1232, 'Tecnológico Universitario de México '),
(1233, 'Unidad Interdisciplinaria de Ingeniería, Ciencias Sociales y Administrativas '),
(1234, 'Unidad Profesional Interdisciplinaria de Biotecnología '),
(1235, 'Unidad Profesional Interdisciplinaria de Ingeniería y Tecnologías Avanzadas '),
(1236, 'Universidad Abierta y a Distancia de México '),
(1237, 'Universidad Anáhuac México Sur '),
(1238, 'Universidad Autónoma de Durango '),
(1239, 'Universidad Autónoma de la Ciudad de México '),
(1240, 'Universidad Autónoma de la Ciudad de México (UACM), Plantel Casa Libertad '),
(1241, 'Universidad Autónoma de la Ciudad de México (UACM), Plantel Centro Histórico '),
(1242, 'Universidad Autónoma de la Ciudad de México (UACM), Plantel Cuautepec '),
(1243, 'Universidad Autónoma de la Ciudad de México (UACM), Plantel del Valle '),
(1244, 'Universidad Autónoma de la Ciudad de México Campus San Lorenzo Tezonco '),
(1245, 'Universidad Autónoma Metropolitana (UAM) '),
(1246, 'Universidad Autónoma Metropolitana (UAM), Unidad Azcapotzalco '),
(1247, 'Universidad Autónoma Metropolitana (UAM), Unidad Xochimilco '),
(1248, 'Universidad Autónoma Metropolitana, Unidad Cuajimalpa '),
(1249, 'Universidad Autónoma Metropolitana, Unidad Cuajimalpa  '),
(1250, 'Universidad Autónoma Metropolitana, Unidad Iztapalapa '),
(1251, 'Universidad Católica Lumen Gentium '),
(1252, 'Universidad Católica Lumen Gentium, Plantel Xochimilco '),
(1253, 'Universidad Cetu '),
(1254, 'Universidad Chapultepec, A.C. '),
(1255, 'Universidad de España y México '),
(1256, 'Universidad de la Comunicación '),
(1257, 'Universidad de las Américas (UDLA) '),
(1258, 'Universidad de Londres Plantel Querétaro '),
(1259, 'Universidad de Londres Plantel Tabasco '),
(1260, 'Universidad de Londres, Plantel Luis Cabrera '),
(1261, 'Universidad de Londres, Plantel Orizaba '),
(1262, 'Universidad de Londres<br> Plantel Cuauhtémoc '),
(1263, 'Universidad de Negocios ISEC '),
(1264, 'Universidad del Claustro de Sor Juana '),
(1265, 'Universidad del Desarrollo Empresarial y Pedagógico, Plantel Churubusco '),
(1266, 'Universidad del Desarrollo Empresarial y Pedagógico, Plantel Valle '),
(1267, 'Universidad del Distrito Federal, Campus Santa María '),
(1268, 'Universidad del Distrito Federal, Condesa '),
(1269, 'Universidad del Ejército y Fuerza Aérea Mexicana '),
(1270, 'Universidad del Pedregal '),
(1271, 'Universidad del Tepeyac '),
(1272, 'Universidad del Valle de México (UVM), Campus Coyoacán '),
(1273, 'Universidad del Valle de México, Campus Chapultepec '),
(1274, 'Universidad del Valle de México, Campus San Ángel '),
(1275, 'Universidad del Valle de México, Campus San Rafael '),
(1276, 'Universidad del Valle de México,Campus Tlalpan '),
(1277, 'Universidad Gestalt  '),
(1278, 'Universidad Hebraica México '),
(1279, 'Universidad Humanitas '),
(1280, 'Universidad Humanitas, Campus Santa Fe '),
(1281, 'Universidad Humanitas, Campus Virtual '),
(1282, 'Universidad Iberoamericana (UIA) Ciudad de México '),
(1283, 'Universidad ICEL Plantel Azteca '),
(1284, 'Universidad ICEL,  Campus Ermita '),
(1285, 'Universidad ICEL,  Campus Zaragoza '),
(1286, 'Universidad ICEL, Campus Berlín '),
(1287, 'Universidad ICEL, Campus La Villa '),
(1288, 'Universidad ICEL, Campus Tlalpan-Coyoacán '),
(1289, 'Universidad ICEL, Campus Zona Rosa '),
(1290, 'Universidad IMEP '),
(1291, 'Universidad Insurgentes Plantel Álamos '),
(1292, 'Universidad Insurgentes Plantel Norte '),
(1293, 'Universidad Insurgentes, Plantel Centro '),
(1294, 'Universidad Insurgentes, Plantel Coruña '),
(1295, 'Universidad Insurgentes, Plantel Ermita '),
(1296, 'Universidad Insurgentes, Plantel Iztapalapa '),
(1297, 'Universidad Insurgentes, Plantel San Ángel '),
(1298, 'Universidad Insurgentes, Plantel Sur II '),
(1299, 'Universidad Insurgentes, Plantel Tláhuac '),
(1300, 'Universidad Insurgentes, Plantel Tlalpan '),
(1301, 'Universidad Insurgentes, Plantel Viaducto '),
(1302, 'Universidad Insurgentes, Plantel Villa de Cortés '),
(1303, 'Universidad Insurgentes, Plantel Xola '),
(1304, 'Universidad Insurgentes, Sur I '),
(1305, 'Universidad Interamericana para el Desarrollo, Campus Taxqueña '),
(1306, 'Universidad Intercontinental, Campus Sur '),
(1307, 'Universidad Intercontinental, Plantel Roma '),
(1308, 'Universidad Internacional '),
(1309, 'Universidad Internacional de Profesiones (UNIPRO) '),
(1310, 'Universidad Internacional de Turismo '),
(1311, 'Universidad Justo Sierra, plantel Acueducto '),
(1312, 'Universidad Justo Sierra, Plantel Cien Metros '),
(1313, 'Universidad Justo Sierra, Plantel Ticomán '),
(1314, 'Universidad La Salle (ULSA) Ciudad de México '),
(1315, 'Universidad La Salle, A.C.  '),
(1316, 'Universidad La Salle, Unidad San Fernando '),
(1317, 'Universidad Latina, Campus Roma '),
(1318, 'Universidad Latina, Campus Sur '),
(1319, 'Universidad Latinoamericana (ULA), Campus Aragón '),
(1320, 'Universidad Latinoamericana (ULA), Campus Coapa '),
(1321, 'Universidad Latinoamericana (ULA), Campus El Rosario '),
(1322, 'Universidad Latinoamericana (ULA), Campus Plaza Carso '),
(1323, 'Universidad Latinoamericana (ULA), Campus Reforma '),
(1324, 'Universidad Latinoamericana (ULA), Campus Suroriente '),
(1325, 'Universidad Latinoamericana (ULA), Campus Xochimilco '),
(1326, 'Universidad Latinoamericana, Campus Florida '),
(1327, 'Universidad Latinoamericana, Campus Valle '),
(1328, 'Universidad Marista '),
(1329, 'Universidad Mexicana, Plantel Polanco '),
(1330, 'Universidad Michael Faraday '),
(1331, 'Universidad Motolinía del Pedregal '),
(1332, 'Universidad Nacional Autónoma de México (UNAM) '),
(1333, 'Universidad Panamericana '),
(1334, 'Universidad Panamericana (UP) Sede Santa Fé '),
(1335, 'Universidad Panamericana (UP)Escuela Superior de Administración de Instituciones '),
(1336, 'Universidad Pedagógica Nacional (UPN) 097 Sur '),
(1337, 'Universidad Pedagógica Nacional (UPN) U-094 '),
(1338, 'Universidad Pedagógica Nacional (UPN) U-095 '),
(1339, 'Universidad Pedagógica Nacional (UPN) U-098 '),
(1340, 'Universidad Pedagógica Nacional (UPN) U-099 '),
(1341, 'Universidad Pedagógica Nacional (UUPN) U-096 Norte '),
(1342, 'Universidad Pedagógica Nacional UPN '),
(1343, 'Universidad Pontificia de México '),
(1344, 'Universidad Salesiana México '),
(1345, 'Universidad Simón Bolívar '),
(1346, 'Universidad Tecnológica Americana '),
(1347, 'Universidad Tecnológica de México (UNITEC), Campus Cuitláhuac '),
(1348, 'Universidad Tecnológica de México (UNITEC), Campus Marina '),
(1349, 'Universidad Tecnológica de México (UNITEC), Campus Sur '),
(1350, 'Universidad Tecnológica Latinoamericana en Línea (UTEL) '),
(1351, 'Universidad Tres Culturas, Campus Iztapalapa '),
(1352, 'Universidad Tres Culturas, Campus Toreo '),
(1353, 'Universidad Tres Culturas, Campus Zona Rosa '),
(1354, 'Universidad Victoria '),
(1355, 'Universidad Westhill '),
(1356, 'Universidad YMCA ');

-- --------------------------------------------------------

--
-- Estructura de tabla para la tabla `giros`
--

DROP TABLE IF EXISTS `giros`;
CREATE TABLE IF NOT EXISTS `giros` (
  `id_giro` int(11) NOT NULL AUTO_INCREMENT,
  `giro_comercial` varchar(60) COLLATE utf8_unicode_ci NOT NULL,
  PRIMARY KEY (`id_giro`)
) ENGINE=InnoDB AUTO_INCREMENT=10 DEFAULT CHARSET=utf8 COLLATE=utf8_unicode_ci;

--
-- Volcado de datos para la tabla `giros`
--

INSERT INTO `giros` (`id_giro`, `giro_comercial`) VALUES
(1, 'Restaurante'),
(4, 'Ferretería'),
(5, 'Consultoría'),
(6, 'Consultorio dental'),
(7, 'Farmacia'),
(8, 'Tienda');

-- --------------------------------------------------------

--
-- Estructura de tabla para la tabla `roles`
--

DROP TABLE IF EXISTS `roles`;
CREATE TABLE IF NOT EXISTS `roles` (
  `id_roles` int(11) NOT NULL AUTO_INCREMENT,
  `nombre_rol` varchar(50) COLLATE utf8_unicode_ci DEFAULT NULL,
  `descripcion_rol` varchar(100) COLLATE utf8_unicode_ci DEFAULT NULL,
  PRIMARY KEY (`id_roles`)
) ENGINE=InnoDB AUTO_INCREMENT=87 DEFAULT CHARSET=utf8 COLLATE=utf8_unicode_ci;

--
-- Volcado de datos para la tabla `roles`
--

INSERT INTO `roles` (`id_roles`, `nombre_rol`, `descripcion_rol`) VALUES
(78, 'Director de Marketing Digital', 'Encargado de supervisar todo el equipo y la estrategia de marketing digital.'),
(79, 'Especialista en SEO', 'Responsable mejorar el posicionamiento del sitio web en los motores de búsqueda.'),
(80, 'Especialista en SEM', 'Responsable de crear y administrar campañas publicitarias.'),
(81, 'Analista de datos', 'Encargado de analizar y evaluar las campañas de marketing.'),
(82, 'Especialista en email marketing', 'Responsable de crear campañas y automatización de marketing.'),
(83, 'Diseñador gráfico', 'Encargado de crear diseños para el sitio web y redes sociales.'),
(84, 'Desarrollador web', 'Responsable de la creación y mantenimiento del sitio web.'),
(85, 'Especialista en marketing de contenidos', 'Responsable de crear contenido valioso para atraer a los clientes.'),
(86, 'Especialista en experiencia del usuario', 'Responsable de optimizar la experiencia del usuario en el sitio web.');

-- --------------------------------------------------------

--
-- Estructura de tabla para la tabla `roles_asesores`
--

DROP TABLE IF EXISTS `roles_asesores`;
CREATE TABLE IF NOT EXISTS `roles_asesores` (
  `id_roles_asesores` int(11) NOT NULL AUTO_INCREMENT,
  `id_roles1` int(11) DEFAULT NULL,
  `id_asesor5` int(11) DEFAULT NULL,
  PRIMARY KEY (`id_roles_asesores`),
  KEY `id_roles1` (`id_roles1`),
  KEY `id_asesor5` (`id_asesor5`)
) ENGINE=InnoDB AUTO_INCREMENT=8 DEFAULT CHARSET=utf8 COLLATE=utf8_unicode_ci;

--
-- Volcado de datos para la tabla `roles_asesores`
--

INSERT INTO `roles_asesores` (`id_roles_asesores`, `id_roles1`, `id_asesor5`) VALUES
(1, 78, 1),
(2, 79, 2),
(3, 80, 5),
(4, 81, 6),
(5, 82, 7),
(6, 83, 10),
(7, 84, 12);

-- --------------------------------------------------------

--
-- Estructura de tabla para la tabla `servicios`
--

DROP TABLE IF EXISTS `servicios`;
CREATE TABLE IF NOT EXISTS `servicios` (
  `id_servicio` int(11) NOT NULL AUTO_INCREMENT,
  `servicio` varchar(60) COLLATE utf8_unicode_ci NOT NULL,
  `descripcion` varchar(200) COLLATE utf8_unicode_ci NOT NULL,
  `categorias` varchar(30) COLLATE utf8_unicode_ci DEFAULT NULL,
  PRIMARY KEY (`id_servicio`)
) ENGINE=InnoDB AUTO_INCREMENT=24 DEFAULT CHARSET=utf8 COLLATE=utf8_unicode_ci;

--
-- Volcado de datos para la tabla `servicios`
--

INSERT INTO `servicios` (`id_servicio`, `servicio`, `descripcion`, `categorias`) VALUES
(7, 'Business Scouting', 'Investigación y perfil de oportunidades de negocio, alianzas comerciales y proyectos basados en social media, ecommerce y herramientas digitales.', 'Marketing Digital'),
(11, 'Campañas', 'Coordinación y despliegue de pautas publicitarias en plataformas como Google Ads y Facebook.', 'Marketing Digital'),
(12, 'Email Marketing', 'Planeación, coordinación, diseño, despliegue y análisis de campañas de Email Marketing, y su incorporación altamente efectiva a procesos comerciales.', 'Marketing Digital'),
(13, 'Estrategia Digital', 'Plan de Medios, Costumer Journey, Buyer Persona, y otros recursos de marketing digital elaborados para comercializar tu marca', 'Comunidad Kreativika'),
(14, 'Imagen Empresarial', 'Logotipos, cromática, tipografías y elementos complementarios.\r\nTodo lo que necesitas para darle un rostro impactante a tu marca.', 'Agencia Creativa'),
(15, 'Fotografía y Video', 'Elaboración de material fotográfico y audiovisual con fines comerciales, empresariales, artísticos o testimoniales', 'Agencia Creativa'),
(16, 'Diseño Gráfico', 'Elaboración de material gráfico comercial como presentaciones, catálogos, boletines y otros formatos editoriales.', 'Agencia Creativa'),
(17, 'Maquetación Gráfica', 'Propuestas gráficas de páginas web, interfaces y aplicaciones.', 'Agencia Creativa'),
(18, 'Página Web', 'Diseño y desarrollo de Páginas Web', 'Experiencia Web'),
(19, 'Posicionamiento SEO', 'Optimización, descripción y cumplimiento para posicionar tu sitio web en los buscadores.', 'Experiencia Web'),
(20, 'Live Transmisiones', 'Producción en vivo, falsos \"en vivo\" o transmisiones por YouTube, Facebook, Instagram o Multicanal', 'Experiencia Web'),
(21, 'Podcast', 'Preproducción, producción y difusión de podcast en los canales digitales más importantes', 'Comunidad Kreativika'),
(22, 'WhatsApp Store', 'Tiendas con plataforma WhatsApp, manejo de inventarios, fotografía de productos y pedidos en línea.', 'Experiencia Web'),
(23, 'Redes Sociales', 'Estrategia, optimización y operación de redes sociales con enfoque comercial, publicitario, social u otros objetivos', 'Marketing Digital');

--
-- Restricciones para tablas volcadas
--

--
-- Filtros para la tabla `asesorescertificaciones`
--
ALTER TABLE `asesorescertificaciones`
  ADD CONSTRAINT `asesorescertificaciones_ibfk_1` FOREIGN KEY (`id_certificacion1`) REFERENCES `certificaciones` (`id_certificacion`),
  ADD CONSTRAINT `asesorescertificaciones_ibfk_2` FOREIGN KEY (`id_asesor4`) REFERENCES `asesores` (`id_asesor`);

--
-- Filtros para la tabla `asesoreseducaciones`
--
ALTER TABLE `asesoreseducaciones`
  ADD CONSTRAINT `asesoreseducaciones_ibfk_1` FOREIGN KEY (`id_educacion1`) REFERENCES `educaciones` (`id_educacion`),
  ADD CONSTRAINT `asesoreseducaciones_ibfk_2` FOREIGN KEY (`id_asesor3`) REFERENCES `asesores` (`id_asesor`);

--
-- Filtros para la tabla `asesoresservicios`
--
ALTER TABLE `asesoresservicios`
  ADD CONSTRAINT `asesoresservicios_ibfk_2` FOREIGN KEY (`id_asesor2`) REFERENCES `asesores` (`id_asesor`);

--
-- Filtros para la tabla `citas`
--
ALTER TABLE `citas`
  ADD CONSTRAINT `citas_ibfk_1` FOREIGN KEY (`id_asesor1`) REFERENCES `asesores` (`id_asesor`),
  ADD CONSTRAINT `citas_ibfk_2` FOREIGN KEY (`id_cliente1`) REFERENCES `clientes` (`id_cliente`);

--
-- Filtros para la tabla `citasservicios`
--
ALTER TABLE `citasservicios`
  ADD CONSTRAINT `citasservicios_ibfk_1` FOREIGN KEY (`id_cita1`) REFERENCES `citas` (`id_cita`),
  ADD CONSTRAINT `citasservicios_ibfk_2` FOREIGN KEY (`id_servicio1`) REFERENCES `servicios` (`id_servicio`);

--
-- Filtros para la tabla `clientes`
--
ALTER TABLE `clientes`
  ADD CONSTRAINT `clientes_ibfk_1` FOREIGN KEY (`id_alcaldia1`) REFERENCES `alcaldias` (`id_alcaldia`),
  ADD CONSTRAINT `clientes_ibfk_2` FOREIGN KEY (`id_colonia1`) REFERENCES `colonias` (`id_colonia`);

--
-- Filtros para la tabla `colonias`
--
ALTER TABLE `colonias`
  ADD CONSTRAINT `colonias_ibfk_1` FOREIGN KEY (`id_alcaldia2`) REFERENCES `alcaldias` (`id_alcaldia`);

--
-- Filtros para la tabla `roles_asesores`
--
ALTER TABLE `roles_asesores`
  ADD CONSTRAINT `roles_asesores_ibfk_1` FOREIGN KEY (`id_roles1`) REFERENCES `roles` (`id_roles`),
  ADD CONSTRAINT `roles_asesores_ibfk_2` FOREIGN KEY (`id_asesor5`) REFERENCES `asesores` (`id_asesor`);
COMMIT;

/*!40101 SET CHARACTER_SET_CLIENT=@OLD_CHARACTER_SET_CLIENT */;
/*!40101 SET CHARACTER_SET_RESULTS=@OLD_CHARACTER_SET_RESULTS */;
/*!40101 SET COLLATION_CONNECTION=@OLD_COLLATION_CONNECTION */;
